manufacturer,company_location,year_reviewed,bean_origin,cocoa_percent,beans_contained,sugar_contained,sugar_non_sweetner_contained,cacao_butter_contained,lecithin_contained,vanilla_contained,salt_contained,rating
0,62,2019,52,76,1,1,0,1,0,0,0,3.25
0,62,2019,13,76,1,1,0,1,0,0,0,3.5
0,62,2019,28,76,1,1,0,1,0,0,0,3.75
0,62,2021,16,68,1,1,0,1,0,0,0,3
0,62,2021,60,72,1,1,0,1,0,0,0,3
0,62,2021,58,80,1,1,0,1,0,0,0,3.25
0,62,2021,23,68,1,1,0,1,0,0,0,3.5
1,18,2012,3,70,1,1,0,1,1,0,0,3.5
1,18,2012,36,63,1,1,0,1,1,0,0,3.75
1,18,2013,34,70,1,1,0,1,1,0,0,2.75
1,18,2013,8,70,1,1,0,1,1,0,0,2.75
1,18,2013,28,70,1,1,0,1,1,0,0,3
1,18,2013,5,70,1,1,0,1,1,0,0,3
1,18,2013,4,70,1,1,0,1,1,0,0,3.25
1,18,2013,35,70,1,1,0,1,1,0,0,3.25
1,18,2013,36,70,1,1,0,1,1,0,0,3.25
1,18,2013,36,70,1,1,0,1,1,0,0,3.5
1,18,2013,14,70,1,1,0,1,1,0,0,3.75
1,18,2013,60,70,1,1,0,1,1,0,0,4
1,18,2013,36,63,1,1,0,1,0,0,0,4
1,18,2014,60,70,1,1,0,1,1,0,0,2.75
1,18,2014,11,70,1,1,0,1,1,0,0,3.5
1,18,2014,60,70,1,1,0,1,1,0,0,3.5
1,18,2014,60,70,1,1,0,1,1,0,0,3.75
1,18,2014,36,70,1,1,0,1,1,0,0,4
1,18,2015,55,70,1,1,0,1,1,0,0,2.75
1,18,2015,55,70,1,1,0,1,1,0,0,3
1,18,2015,55,70,1,1,0,1,1,0,0,3.5
1,18,2015,36,70,1,1,0,1,1,0,0,3.5
1,18,2016,41,63,1,1,0,1,1,0,0,3.75
1,18,2018,60,70,1,1,0,1,1,0,0,3.5
1,18,2018,36,63,1,1,0,1,1,0,0,3.75
1,18,2021,31,70,1,1,0,1,1,0,0,4
2,62,2015,36,70,1,1,0,0,0,0,0,3.75
2,62,2015,36,70,1,1,0,0,0,0,0,3.75
2,62,2020,31,74,1,1,0,0,0,0,0,3.25
2,62,2020,36,70,1,1,0,0,0,0,0,3.5
3,16,2011,16,60,1,1,0,1,0,0,0,2.75
3,16,2011,16,80,1,1,0,1,0,0,0,3.25
3,16,2011,16,88,1,1,0,1,0,0,0,3.5
3,16,2011,16,72,1,1,0,1,0,0,0,3.5
4,63,2019,59,70,1,1,0,0,0,0,0,2.5
4,63,2019,59,70,1,1,0,0,0,0,0,2.75
4,63,2019,59,70,1,1,0,0,0,0,0,2.75
4,63,2019,59,70,1,1,0,0,0,0,0,3
5,14,2009,14,55,1,1,0,1,0,1,0,2.75
5,14,2009,14,70,1,1,0,1,0,1,0,3
6,35,2009,31,70,1,1,0,1,0,0,0,3
7,61,2010,28,75,1,1,0,1,1,0,0,2.75
7,61,2010,4,75,1,1,0,1,1,0,0,2.75
7,61,2011,24,75,1,1,0,1,1,0,0,3.75
8,18,2013,60,75,1,1,0,1,1,1,0,2.5
8,18,2013,36,75,1,1,0,1,1,1,0,2.5
8,18,2014,56,65,1,1,0,1,1,1,1,2.75
8,18,2014,61,75,1,1,0,1,0,1,1,2.75
8,18,2014,28,75,1,1,0,1,0,1,1,3
8,18,2017,31,75,1,1,0,1,1,1,1,3.5
9,36,2017,14,70,1,1,0,1,0,0,0,3.5
9,36,2017,32,70,1,1,0,1,0,0,0,3.5
9,36,2017,52,70,1,1,0,1,0,0,0,3.5
9,36,2017,61,70,1,1,0,1,0,0,0,3.5
10,62,2013,60,60,1,1,0,1,1,0,0,2.5
10,62,2013,13,60,1,1,0,1,1,0,0,3
10,62,2013,3,60,1,1,0,1,1,0,0,3
10,62,2013,3,80,1,1,0,1,1,0,0,3.25
10,62,2013,36,60,1,1,0,1,1,0,0,3.25
10,62,2016,3,60,1,1,0,1,0,0,0,2.5
10,62,2016,36,60,1,1,0,1,0,0,0,2.5
10,62,2016,32,60,1,1,0,1,0,0,0,2.75
10,62,2016,14,60,1,1,0,1,0,0,0,2.75
10,62,2016,36,60,1,1,0,1,0,0,0,3
10,62,2018,13,70,1,1,0,1,0,0,0,3
11,62,2007,60,70,1,1,0,1,0,1,0,3
11,62,2007,28,70,1,1,0,1,0,1,0,3.5
11,62,2007,60,70,1,1,0,1,0,1,0,3.75
11,62,2008,24,70,1,1,0,1,0,1,0,2.75
11,62,2009,60,70,1,1,0,1,0,1,0,3
11,62,2010,60,70,1,1,0,1,0,1,0,3
11,62,2010,13,70,1,1,0,1,0,1,0,3.75
11,62,2010,14,70,1,1,0,1,0,1,0,4
11,62,2011,35,70,1,1,0,1,0,1,0,4
12,52,2009,14,70,1,1,0,0,0,0,0,2.75
12,52,2009,14,85,1,1,0,0,0,0,0,2.75
12,52,2009,18,70,1,1,0,0,0,0,0,3
12,52,2009,18,85,1,1,0,0,0,0,0,3
13,45,2017,36,70,0,0,0,0,0,0,0,3
13,45,2017,36,70,0,0,0,0,0,0,0,3.5
14,40,2013,36,72,1,1,0,1,0,0,0,3.25
14,40,2013,36,73,1,1,0,1,0,0,0,3.5
15,7,2015,1,64,1,1,0,1,1,0,0,3
15,7,2015,28,66,1,1,0,0,0,0,0,3.25
15,7,2015,13,75,1,1,0,0,0,0,0,3.25
15,7,2015,35,63,1,1,0,0,0,0,0,3.25
15,7,2015,60,70,1,1,0,0,0,0,0,3.25
15,7,2015,36,68,1,1,0,0,0,0,0,3.5
16,29,2006,2,66,1,1,0,1,0,1,0,3.75
16,29,2007,14,70,1,1,0,1,0,1,0,3
16,29,2007,26,70,1,1,0,1,0,1,0,3
16,29,2007,19,70,1,1,0,1,0,1,0,3.5
16,29,2007,56,70,1,1,0,1,0,1,0,3.5
16,29,2007,2,63,1,1,0,1,0,1,0,3.5
16,29,2007,60,70,1,1,0,1,0,1,0,3.75
16,29,2012,36,70,1,1,0,1,0,1,0,3.75
16,29,2018,28,70,1,1,0,1,0,1,0,3
16,29,2018,60,70,1,1,0,1,0,1,0,3
16,29,2018,60,70,1,1,0,1,0,1,0,3
16,29,2018,2,75,1,1,0,1,0,1,0,3.5
16,29,2019,2,70,1,1,0,1,0,0,0,2.75
17,6,2010,4,85,1,1,0,1,1,0,0,2.75
17,6,2010,4,50,1,1,0,1,1,0,0,3.75
17,6,2010,4,75,1,1,0,1,1,0,0,3.75
17,6,2010,4,60,1,1,0,1,1,0,0,4
17,6,2013,4,75,1,1,0,1,1,0,0,3.25
18,62,2014,13,75,1,1,0,0,0,0,0,3
19,62,2016,3,75,1,1,0,0,0,0,0,3.5
19,62,2021,1,75,1,1,0,0,0,0,0,3
19,62,2021,20,75,1,1,0,0,0,0,0,3.25
20,18,2014,31,72,1,1,0,1,0,0,0,2.5
20,18,2014,14,75,1,1,0,1,0,0,0,2.75
20,18,2014,28,75,1,1,0,1,0,0,0,3
20,18,2014,60,75,1,1,0,1,0,0,0,3
21,62,2015,4,75,1,1,0,0,0,0,0,2.75
21,62,2015,20,70,1,1,0,0,0,0,0,3.25
21,62,2015,4,70,1,1,0,0,0,0,0,3.5
21,62,2015,36,68,1,1,0,0,0,0,0,3.5
21,62,2015,13,70,1,1,0,0,0,0,0,3.5
21,62,2015,14,75,1,1,0,1,0,0,0,3.5
21,62,2015,14,70,1,1,0,0,0,0,0,3.75
21,62,2015,1,70,1,1,0,0,0,0,0,3.75
21,62,2015,32,70,1,1,0,0,0,0,0,4
21,62,2016,14,70,1,1,0,1,0,0,0,3.25
21,62,2016,14,70,1,1,0,1,0,0,0,3.25
21,62,2016,16,70,1,1,0,0,0,0,0,3.25
21,62,2016,61,73,1,1,0,0,0,0,0,3.25
21,62,2016,56,70,1,1,0,0,0,0,0,3.5
21,62,2016,61,73,1,1,0,1,0,0,0,3.5
21,62,2016,20,70,1,1,0,0,0,0,0,3.5
21,62,2016,22,70,1,1,0,0,0,0,0,3.5
21,62,2016,52,70,1,1,0,0,0,0,0,3.75
21,62,2016,32,70,1,1,0,1,0,0,0,3.75
21,62,2016,13,70,1,1,0,0,0,0,0,3.75
21,62,2016,10,70,1,1,0,0,0,0,0,4
21,62,2016,36,70,1,1,0,0,0,0,0,4
21,62,2017,23,70,1,1,0,0,0,0,0,3.5
21,62,2017,28,70,1,1,0,1,0,0,0,3.5
21,62,2017,61,73,1,1,0,1,0,0,0,3.5
21,62,2017,36,70,1,1,0,1,0,0,0,3.5
21,62,2017,3,70,1,1,0,0,0,0,0,4
21,62,2017,21,70,1,1,0,0,0,0,0,4
21,62,2018,56,70,1,1,0,0,0,0,0,3
21,62,2018,8,70,1,1,0,0,0,0,0,4
21,62,2019,23,70,1,1,0,1,0,0,0,3
21,62,2019,23,70,1,1,0,1,0,0,0,3.25
22,38,2018,32,70,1,1,0,0,0,0,0,3
22,38,2018,32,70,1,1,0,0,0,0,0,3.25
22,38,2018,32,70,1,1,0,0,0,0,0,3.5
22,38,2018,32,70,1,1,0,0,0,0,0,3.5
23,61,2008,9,72,1,1,0,1,0,0,0,3.75
23,61,2009,4,72,1,1,0,1,0,0,0,1.75
23,61,2009,60,75,1,1,0,1,0,0,0,2.5
23,61,2009,24,72,1,1,0,1,0,0,0,2.75
23,61,2009,28,80,1,1,0,1,0,0,0,3
23,61,2009,36,75,1,1,0,1,0,0,0,3
23,61,2009,13,72,1,1,0,1,0,0,0,3.25
23,61,2010,60,100,0,0,0,0,0,0,0,1.75
23,61,2010,10,72,1,1,0,1,0,0,0,3.25
23,61,2010,61,72,1,1,0,1,0,0,0,3.25
23,61,2010,24,72,1,1,0,1,0,0,0,3.5
23,61,2010,26,72,1,1,0,1,0,0,0,3.75
23,61,2011,34,72,1,1,0,1,0,0,0,2.75
23,61,2011,21,72,1,1,0,1,0,0,0,4
23,61,2012,8,72,1,1,0,1,0,0,0,3.75
23,61,2013,56,72,1,1,0,1,0,0,0,3.25
24,61,2013,8,72,1,1,0,1,1,0,0,2.75
25,29,2021,23,72,1,1,0,1,1,0,0,3.25
25,29,2021,28,72,1,1,0,1,1,0,0,3.25
25,29,2021,52,72,1,1,0,1,1,0,0,3.5
26,62,2007,31,75,1,1,0,0,0,0,0,2.5
26,62,2007,14,70,1,1,0,0,0,0,0,3
26,62,2009,37,77,1,1,0,0,0,0,0,3.75
26,62,2011,52,72,1,1,0,0,0,0,0,3.75
26,62,2011,22,70,1,1,0,0,0,0,0,3.75
26,62,2016,52,68,1,1,0,1,0,0,0,3.75
27,2,2019,44,70,1,1,0,1,1,0,0,3
28,41,2018,37,77,1,1,0,0,1,1,0,2.75
28,41,2018,37,70,1,1,0,1,0,0,0,3
28,41,2018,37,70,1,1,0,1,0,0,0,3
28,41,2018,37,70,1,1,0,1,0,0,0,3.5
29,7,2021,8,70,1,1,0,0,0,0,0,2.5
29,7,2021,13,70,1,1,0,0,0,0,0,3
30,2,2012,4,70,1,1,0,0,0,0,0,2.5
30,2,2012,2,70,1,1,0,0,0,0,0,2.5
30,2,2012,28,70,1,1,0,0,0,0,0,3
30,2,2015,2,80,1,1,0,0,0,0,0,3.25
30,2,2015,35,70,1,1,0,0,0,0,0,3.5
31,6,2018,4,70,1,1,0,0,0,0,0,3
32,40,2015,36,70,1,1,0,1,0,0,0,2.75
32,40,2015,36,70,1,1,0,1,0,0,0,3.5
33,62,2019,1,72,1,1,0,1,0,0,0,2.5
33,62,2019,58,82,1,1,0,1,0,0,0,2.75
33,62,2019,52,72,1,1,0,1,0,0,0,3.25
34,62,2012,13,70,1,1,0,0,0,0,0,3.25
34,62,2012,31,70,1,1,0,0,0,0,0,3.5
34,62,2012,28,70,1,1,0,0,0,0,0,3.75
34,62,2014,36,70,1,1,0,0,0,0,0,4
34,62,2015,4,70,1,1,0,0,0,0,0,3.5
34,62,2017,10,72,1,1,0,0,0,0,0,3.5
34,62,2017,56,80,1,1,0,0,0,0,0,3.5
35,66,2012,10,80,1,1,0,1,0,1,0,2.75
36,62,2016,14,65,1,1,0,1,0,0,0,3.25
36,62,2016,13,65,1,1,0,1,0,0,0,3.5
36,62,2016,4,70,1,1,0,1,0,0,0,3.75
37,61,2019,36,70,1,1,0,1,0,1,0,2.25
38,61,2017,29,73,1,1,0,1,0,0,0,3
38,61,2017,29,72,1,1,0,1,0,0,0,3.25
39,62,2016,4,80,1,1,0,1,0,0,0,2.75
39,62,2016,13,70,1,1,0,1,0,0,0,2.75
39,62,2016,14,70,1,1,0,1,0,0,0,2.75
39,62,2016,14,90,1,1,0,1,0,0,0,2.75
40,4,2010,10,64,1,1,0,1,1,0,0,2.75
40,4,2010,35,64,1,1,0,1,1,0,0,2.75
40,4,2010,36,64,1,1,0,1,1,0,0,2.75
40,4,2010,14,71,1,1,0,1,1,0,0,3.5
41,62,2016,3,70,1,1,0,1,0,0,0,3.25
41,62,2016,52,70,1,1,0,1,0,0,0,3.5
41,62,2016,13,70,1,1,0,0,0,0,0,3.5
42,65,2018,61,75,1,1,0,1,0,0,0,3.25
42,65,2021,61,70,1,1,0,1,0,0,0,3.75
43,19,2016,1,83,1,1,0,1,0,0,0,2.75
43,19,2016,1,78,1,1,0,1,0,0,0,3
43,19,2016,1,83,1,1,0,1,0,0,0,3.5
44,49,2018,61,72,1,1,0,1,1,0,0,3
44,49,2018,23,72,1,1,0,1,1,0,0,3
44,49,2018,29,72,1,1,0,1,1,0,0,3
45,4,2011,28,72,1,1,0,1,0,0,0,3.75
45,4,2011,24,72,1,1,0,1,0,0,0,4
45,4,2013,11,74,1,1,0,1,0,0,0,3.5
45,4,2013,60,74,1,1,0,1,0,0,0,3.5
45,4,2013,60,74,1,1,0,1,0,0,0,3.5
45,4,2013,14,73,1,1,0,1,0,0,0,4
46,18,2012,2,55,1,1,0,1,1,1,0,2.75
47,57,2010,60,70,1,1,0,1,0,0,0,3.25
47,57,2010,60,74,1,1,0,1,0,0,0,3.25
47,57,2010,24,64,1,1,0,1,0,0,0,3.5
47,57,2010,60,72,1,1,0,1,0,0,0,3.5
47,57,2011,28,64,1,1,0,1,0,0,0,3
47,57,2011,60,88,1,1,0,1,0,0,0,3
47,57,2011,60,72,1,1,0,1,0,0,0,3.5
47,57,2011,14,72,1,1,0,1,0,0,0,4
48,62,2015,32,76,1,1,0,0,0,0,0,2.5
48,62,2015,10,76,1,1,0,0,0,0,0,2.5
48,62,2015,10,78,1,1,0,1,0,1,0,2.5
48,62,2015,1,86,1,1,0,1,0,1,0,3.25
49,64,2018,60,70,1,1,0,1,1,0,0,3
49,64,2018,60,70,1,1,0,1,1,0,0,3
49,64,2018,60,70,1,1,0,1,1,0,0,3.5
50,62,2008,28,71,1,1,0,0,0,0,0,3
50,62,2008,18,70,1,1,0,0,0,0,0,3
50,62,2008,34,75,1,1,0,0,0,0,0,3.5
50,62,2008,13,68,1,1,0,0,0,0,0,3.75
50,62,2009,13,75,1,1,0,0,0,0,0,3
50,62,2009,28,75,1,1,0,0,0,0,0,3.25
50,62,2009,13,65,1,1,0,0,0,0,0,3.5
50,62,2009,28,65,1,1,0,0,0,0,0,3.5
50,62,2010,24,65,1,1,0,0,0,0,0,2.75
50,62,2010,28,70,1,1,0,0,0,0,0,3
50,62,2010,60,78,1,1,0,0,0,0,0,3
50,62,2010,24,75,1,1,0,0,0,0,0,3.25
50,62,2010,2,70,1,1,0,0,0,0,0,3.75
50,62,2012,18,72,1,1,0,1,0,0,0,3.5
51,62,2018,21,70,1,1,0,0,0,0,0,3
51,62,2018,20,70,1,1,0,0,0,0,0,3
51,62,2018,13,70,1,1,0,0,0,0,0,3.25
51,62,2019,1,70,1,1,0,0,0,0,0,2.75
52,62,2008,13,70,1,1,0,1,0,0,0,2.75
52,62,2008,60,70,1,1,0,1,0,0,0,2.75
52,62,2008,32,70,1,1,0,1,0,0,0,3
52,62,2021,13,70,1,1,0,1,1,0,0,3.75
53,61,2014,26,70,1,1,0,1,1,0,0,2.75
54,62,2021,8,72,1,1,0,1,0,0,0,3.25
54,62,2021,1,72,1,1,0,1,0,0,0,3.25
55,52,2009,2,72,1,1,0,1,0,1,0,2.75
55,52,2013,9,82,1,1,0,1,0,1,0,3.5
56,62,2012,20,70,1,1,0,1,0,0,0,3.5
56,62,2012,28,70,1,1,0,1,0,0,0,3.75
56,62,2016,20,75,1,1,0,0,0,0,0,2.75
56,62,2016,13,75,1,1,0,0,0,0,0,3
56,62,2016,28,82,1,1,0,0,0,0,0,3.5
56,62,2016,52,75,1,1,0,0,0,0,0,3.5
57,62,2017,1,70,1,1,0,1,0,0,0,2.75
58,33,2019,29,68,1,1,0,0,0,0,0,2.5
58,33,2019,29,72,1,1,0,0,0,0,0,2.75
58,33,2019,29,74,1,1,0,0,0,0,0,3.25
59,18,2006,2,100,0,0,0,0,0,0,0,1.5
59,18,2006,45,75,1,1,0,1,0,0,0,3
59,18,2006,2,75,1,1,0,1,0,0,0,3.75
59,18,2006,60,75,1,1,0,1,0,0,0,3.75
59,18,2006,28,75,1,1,0,1,0,0,0,3.75
59,18,2006,60,75,1,1,0,1,0,0,0,4
59,18,2006,60,75,1,1,0,1,0,0,0,4
59,18,2007,14,75,1,1,0,1,0,0,0,2.5
59,18,2008,60,75,1,1,0,1,0,0,0,4
59,18,2009,36,75,1,1,0,1,0,0,0,2.75
59,18,2009,25,75,1,1,0,1,0,0,0,3
59,18,2009,31,75,1,1,0,1,0,0,0,3
59,18,2009,31,75,1,1,0,1,0,0,0,3
59,18,2011,26,75,1,1,0,1,0,0,0,3.25
59,18,2011,11,75,1,1,0,1,0,0,0,3.5
59,18,2011,36,75,1,1,0,1,0,0,0,3.5
59,18,2011,36,75,1,1,0,1,0,0,0,3.5
59,18,2011,4,75,1,1,0,1,0,0,0,3.5
59,18,2011,4,75,1,1,0,1,0,0,0,3.75
59,18,2011,21,75,1,1,0,1,0,0,0,4
59,18,2011,28,75,1,1,0,1,0,0,0,4
59,18,2013,17,75,1,1,0,1,0,0,0,3.25
59,18,2013,4,75,1,1,0,1,0,0,0,3.5
59,18,2014,13,75,1,1,0,1,0,0,0,3.25
59,18,2014,2,65,1,1,0,1,0,0,0,3.75
59,18,2014,4,75,1,1,0,1,0,0,0,4
59,18,2016,31,75,1,1,0,1,0,0,0,3.5
59,18,2018,36,75,1,1,0,1,0,0,0,4
59,18,2018,2,75,1,1,0,1,0,0,0,4
59,18,2021,32,75,1,1,0,1,0,0,0,3.75
60,14,2009,14,100,0,0,0,0,0,0,0,1.5
60,14,2009,14,77,1,1,0,0,0,0,0,3.25
61,62,2014,1,70,0,0,0,0,0,0,0,2.75
61,62,2014,13,70,0,0,0,0,0,0,0,2.75
62,62,2018,14,75,1,1,0,1,0,0,0,3.5
62,62,2018,36,70,1,1,0,1,0,0,0,3.75
62,62,2018,3,70,1,1,0,1,0,0,0,4
62,62,2021,52,62,1,1,0,1,0,0,0,3
63,62,2013,13,72,1,1,0,1,1,1,0,3
63,62,2013,14,70,1,1,0,1,1,1,0,3.25
63,62,2013,18,75,1,1,0,1,1,1,0,3.5
63,62,2013,60,85,1,1,0,1,1,1,0,3.5
63,62,2014,1,70,1,1,0,1,0,0,0,3.75
63,62,2014,60,70,1,1,0,1,0,0,0,4
63,62,2015,13,68,1,1,0,1,0,0,0,3.75
63,62,2016,60,70,1,1,0,1,0,0,0,3.5
63,62,2016,32,70,1,1,0,1,0,0,0,3.75
63,62,2017,13,70,1,1,0,1,0,0,0,3.25
63,62,2017,14,75,1,1,0,1,0,0,0,3.75
64,62,2015,28,80,1,1,0,1,0,0,0,2.75
64,62,2015,13,60,1,1,0,1,0,0,0,3
64,62,2015,13,80,1,1,0,1,0,0,0,3.25
64,62,2015,1,80,1,1,0,1,0,0,0,3.25
64,62,2015,28,60,1,1,0,1,0,0,0,3.25
64,62,2015,20,70,1,1,0,0,0,0,0,3.5
65,62,2013,26,70,1,1,0,1,0,1,0,3
66,2,2014,56,68,1,1,0,1,0,0,0,2.75
66,2,2014,28,72,1,1,0,1,0,0,0,3
66,2,2014,13,70,1,1,0,1,0,0,0,3.5
66,2,2014,14,72,1,1,0,1,0,0,0,3.5
67,45,2015,14,70,1,1,0,0,0,0,0,3.25
68,62,2013,13,68,1,1,0,1,0,0,0,2.75
69,61,2018,3,70,1,1,0,1,0,0,0,2.5
69,61,2018,20,70,1,1,0,1,0,0,0,3
70,62,2014,14,60,1,1,0,1,0,0,0,2.5
70,62,2014,56,72,1,1,0,1,0,0,0,3.25
70,62,2014,1,72,1,1,0,1,0,0,0,3.25
70,62,2014,2,72,1,1,0,1,0,0,0,3.25
70,62,2014,14,72,1,1,0,1,0,0,0,3.5
71,51,2019,14,70,1,1,0,0,0,0,0,3
72,58,2019,51,70,1,1,1,0,0,0,0,3.25
72,58,2019,37,70,1,1,1,0,0,0,0,3.5
73,7,2019,20,70,1,1,0,1,1,0,0,3
73,7,2019,20,70,1,1,0,1,1,0,0,3.5
73,7,2019,3,70,1,1,0,1,1,0,0,3.75
74,44,2015,39,70,1,1,0,0,0,0,0,2.5
75,62,2010,60,75,1,1,0,0,0,0,0,2.25
75,62,2010,13,75,1,1,0,0,0,0,0,2.5
75,62,2010,13,75,1,1,0,0,0,0,0,2.75
75,62,2014,36,75,1,1,0,0,0,0,0,2.5
76,18,2007,60,72,1,1,0,1,1,1,0,2
76,18,2007,31,66,1,1,0,1,1,1,0,3
76,18,2008,52,75,1,1,0,1,1,1,0,2
76,18,2010,13,70,1,1,0,1,1,1,0,3
76,18,2016,21,65,1,1,0,1,1,1,0,3.5
77,57,2018,8,72,1,1,0,0,0,0,0,2.5
77,57,2018,8,72,1,1,0,0,0,0,0,3
77,57,2018,8,72,1,1,0,0,0,0,0,3.75
78,64,2014,60,75,1,1,0,0,0,0,0,2.5
78,64,2014,60,74,1,1,0,0,0,0,0,3.25
78,64,2014,60,75,1,1,0,0,0,0,0,3.5
78,64,2014,60,70,1,1,0,0,0,0,0,3.75
78,64,2015,60,74,1,1,0,0,0,0,0,3.25
78,64,2015,60,75,1,1,0,0,0,0,0,3.25
78,64,2015,60,77,1,1,0,0,0,0,0,3.5
78,64,2018,60,75,1,1,0,0,0,0,0,2.75
78,64,2019,60,75,1,1,0,0,0,0,0,2.5
78,64,2019,60,70,1,1,0,0,0,0,0,3
79,62,2018,60,70,1,1,0,0,0,0,0,3
80,9,2014,8,69,1,1,0,1,1,0,0,2.75
80,9,2014,8,70,1,1,0,1,1,0,0,3.25
80,9,2014,8,64,1,1,0,1,1,0,0,3.5
80,9,2014,8,70,1,1,0,1,1,0,0,3.5
80,9,2015,8,72,1,1,0,1,0,0,0,3.75
80,9,2016,8,71,1,1,0,1,0,0,0,3.75
80,9,2016,8,74,1,1,0,1,0,0,0,3.75
81,62,2016,22,70,1,1,0,1,1,0,0,3.5
82,62,2011,13,72,1,1,0,0,0,0,0,3
82,62,2011,13,65,1,1,0,0,0,0,0,3.25
82,62,2011,13,66,1,1,0,0,0,0,0,3.75
82,62,2012,13,72,1,1,0,0,0,0,0,3.75
83,52,2009,31,70,1,1,0,1,1,0,0,4
83,52,2009,31,70,1,1,0,1,1,0,0,4
83,52,2010,19,71,1,1,0,1,1,0,0,3.25
83,52,2010,28,71,1,1,0,1,1,0,0,3.5
83,52,2010,60,71,1,1,0,1,1,0,0,3.5
83,52,2010,60,77,1,1,0,1,1,0,0,3.5
83,52,2010,14,71,1,1,0,1,1,0,0,3.75
83,52,2010,35,71,1,1,0,1,1,0,0,4
83,52,2016,9,70,1,1,0,1,1,0,0,3.5
84,62,2020,13,72,1,1,0,1,0,1,0,2.75
84,62,2020,36,72,1,1,0,1,0,1,0,2.75
84,62,2020,14,72,1,1,0,1,0,1,0,3
85,30,2015,28,70,1,1,0,0,0,0,0,3
85,30,2015,36,70,1,1,0,0,0,0,0,3.25
85,30,2015,61,70,1,1,0,0,0,0,0,3.5
86,51,2018,18,70,0,0,0,0,0,0,0,3
86,51,2018,13,70,0,0,0,0,0,0,0,3.25
86,51,2018,14,70,0,0,0,0,0,0,0,3.5
87,40,2021,36,70,1,1,0,0,0,0,0,3.5
87,40,2021,36,70,1,1,0,0,0,0,0,3.5
87,40,2021,36,80,1,1,0,0,0,0,0,3.5
87,40,2021,36,70,1,1,0,0,0,0,0,4
88,14,2008,14,91,1,1,0,1,1,0,0,1.5
88,14,2008,14,82,1,1,0,1,1,0,0,2.5
88,14,2008,14,63,1,1,0,1,1,0,0,3.5
88,14,2008,14,71,1,1,0,1,1,0,0,3.5
89,4,2007,14,70,0,0,0,0,0,0,0,1
89,4,2008,19,60,0,0,0,0,0,0,0,2.75
90,29,2011,41,78,1,1,0,0,0,0,0,2.25
90,29,2011,56,70,1,1,0,0,0,0,0,2.5
90,29,2012,60,80,1,1,0,0,0,0,0,3
90,29,2013,14,100,1,0,0,0,0,0,0,3.5
90,29,2014,11,75,1,1,0,0,0,0,0,2.5
90,29,2014,13,72,1,1,0,0,0,0,0,3
90,29,2014,2,70,1,1,0,0,0,0,0,3.5
91,62,2016,60,75,1,1,0,1,0,0,0,2.5
91,62,2016,52,73,1,1,0,1,0,0,0,2.75
91,62,2016,60,70,1,1,0,1,0,0,0,3
91,62,2016,3,75,1,1,0,1,0,0,0,3
91,62,2016,4,70,1,1,0,1,0,0,0,3.25
92,9,2021,8,70,1,1,0,1,1,0,0,3.25
92,9,2021,8,70,1,1,0,1,1,0,0,3.25
92,9,2021,8,70,1,1,0,1,1,0,0,3.5
92,9,2021,8,70,1,1,0,1,1,0,0,3.75
93,14,2008,14,77,1,1,0,1,1,0,0,2
93,14,2008,14,77,1,1,0,1,1,0,0,2.5
93,14,2008,14,77,1,1,0,1,1,0,0,2.75
93,14,2008,14,55,1,1,0,1,1,0,0,3
93,14,2008,14,55,1,1,0,1,1,0,0,3.25
93,14,2008,14,55,1,1,0,1,1,0,0,3.5
94,37,2014,35,70,1,1,0,1,0,0,0,3.5
94,37,2014,35,70,1,1,0,1,0,0,0,3.75
95,62,2021,32,70,1,1,0,1,0,0,0,3
95,62,2021,52,70,1,1,0,1,0,0,0,3.25
95,62,2021,36,70,1,1,0,1,0,0,0,3.25
95,62,2021,31,70,1,1,0,1,0,0,0,3.25
96,10,2012,10,80,1,1,0,0,0,0,0,2.75
96,10,2012,10,72,1,1,0,0,0,0,0,3
96,10,2015,10,72,1,1,0,0,0,0,0,3.25
96,10,2015,20,72,1,1,0,1,0,0,0,3.5
96,10,2015,10,72,1,1,0,0,0,0,0,3.5
97,9,2016,8,65,1,1,0,1,0,0,0,3
97,9,2016,8,65,1,1,0,1,0,0,0,3.25
97,9,2016,8,65,1,1,0,1,0,0,0,3.25
97,9,2016,8,65,1,1,0,1,0,0,0,3.5
97,9,2016,8,65,1,1,0,1,0,0,0,3.5
98,62,2018,2,75,1,1,0,0,0,0,0,2
99,6,2019,4,71,1,1,0,0,0,0,0,3
99,6,2019,4,65,1,1,0,0,0,0,0,3.25
100,62,2013,36,70,1,1,0,1,0,0,0,2.5
100,62,2013,36,70,1,1,0,1,0,0,0,2.75
100,62,2013,3,70,1,1,0,1,0,0,0,3
100,62,2013,60,72,1,1,0,1,0,0,0,3
100,62,2013,60,70,1,1,0,1,0,0,0,3.25
100,62,2013,32,72,1,1,0,1,0,0,0,3.25
100,62,2013,13,73,1,1,0,0,0,0,0,3.5
100,62,2014,13,70,1,1,0,1,0,0,0,2.75
100,62,2014,8,72,1,1,0,1,0,0,0,3.5
100,62,2014,8,76,1,1,0,1,0,0,0,3.5
100,62,2015,22,72,1,1,0,1,0,0,0,3.5
100,62,2015,60,72,1,1,0,1,0,0,0,3.5
100,62,2015,13,70,1,1,0,1,0,0,0,3.75
100,62,2016,1,72,1,1,0,1,0,0,0,4
100,62,2017,60,70,1,1,0,0,0,0,0,3.25
100,62,2019,39,70,1,1,0,1,0,0,0,3.5
100,62,2019,31,70,1,1,0,1,0,0,0,3.75
100,62,2021,36,70,1,1,0,1,0,0,0,4
100,62,2021,60,72,1,1,0,1,0,0,0,4
101,62,2014,14,70,1,1,0,1,0,0,0,2.5
101,62,2014,36,70,1,1,0,1,0,0,0,2.75
101,62,2014,60,70,1,1,0,1,0,0,0,2.75
101,62,2014,3,70,1,1,0,1,0,0,0,3
102,18,2009,14,72,0,0,0,0,0,0,0,2.75
103,7,2014,58,70,1,1,0,1,0,0,0,2.75
103,7,2021,28,70,1,1,0,1,0,0,0,3
103,7,2021,1,70,1,1,0,1,0,0,0,3
103,7,2021,36,72,1,1,0,1,0,0,0,3.25
104,18,2017,3,74,1,1,0,0,0,0,0,3
104,18,2018,60,68,1,1,0,1,0,0,0,3.5
105,62,2016,1,70,1,1,0,1,0,0,0,3.25
106,14,2008,14,75,1,1,0,1,0,0,0,3
106,14,2010,14,55,1,1,0,1,0,0,0,2.75
107,62,2014,10,70,1,1,0,1,0,0,0,3.5
107,62,2018,36,72,1,1,0,1,0,0,0,3
107,62,2019,14,72,1,1,0,1,0,0,0,3.5
107,62,2021,8,83,1,1,0,1,0,0,0,3.25
107,62,2021,13,69,1,1,0,1,0,0,0,3.25
108,18,2011,2,70,0,0,0,0,0,0,0,3.5
109,61,2015,14,70,1,1,0,1,0,0,0,3.25
110,19,2014,1,75,1,1,0,0,0,0,0,3
110,19,2014,1,82,1,1,0,0,0,0,0,3.25
111,51,2015,61,70,1,1,0,0,0,0,0,2.75
111,51,2015,29,70,1,1,0,0,0,0,0,3.5
112,24,2019,32,72,1,1,0,1,0,0,0,2.5
112,24,2019,13,71,1,1,0,1,0,0,0,3.25
113,61,2015,36,65,1,1,0,0,0,0,0,2.5
113,61,2015,13,80,1,1,0,0,0,0,0,2.5
113,61,2015,36,65,1,1,0,0,0,0,0,2.75
113,61,2019,28,74,1,1,0,0,0,0,0,3
114,62,2011,28,70,1,1,0,0,0,0,0,3.75
114,62,2011,60,68,1,1,0,0,0,0,0,3.75
115,62,2016,36,90,1,1,1,0,0,0,0,2.5
115,62,2016,2,80,1,1,1,0,0,0,0,2.5
116,62,2016,3,70,1,1,0,0,0,0,0,2.5
116,62,2016,58,70,1,1,0,0,0,0,0,2.75
116,62,2016,32,80,1,1,0,0,0,0,0,2.75
116,62,2016,13,60,1,1,0,0,0,0,0,3
116,62,2016,13,75,1,1,0,0,0,0,0,3
116,62,2016,60,80,1,1,0,0,0,0,0,3
116,62,2016,14,70,1,1,0,0,0,0,0,3.25
117,62,2014,36,74,1,1,1,1,0,0,0,2.75
118,0,2015,13,75,1,1,0,1,0,0,0,3.25
118,0,2015,9,68,1,1,0,1,0,0,0,3.5
118,0,2015,36,80,1,1,0,1,0,0,0,3.75
119,48,2012,14,82,1,1,0,1,0,0,0,2.5
119,48,2012,36,68,1,1,0,1,0,0,0,2.75
119,48,2012,28,72,1,1,0,1,0,0,0,3.25
119,48,2013,36,70,1,1,0,0,0,0,0,3.75
119,48,2015,36,69,1,1,0,1,0,0,0,3.75
119,48,2015,60,80,1,1,0,0,0,0,0,3.75
119,48,2021,60,70,1,1,0,1,0,0,0,2.75
120,62,2018,13,72,1,1,0,1,0,0,0,3.25
121,4,2019,23,70,1,1,0,1,0,0,0,3
122,7,2014,31,70,1,1,0,1,0,1,0,2.5
123,62,2018,23,63,1,1,0,1,0,0,0,2.5
123,62,2018,20,76,1,1,0,0,0,0,0,2.75
123,62,2018,36,70,1,1,0,0,0,0,0,2.75
124,30,2015,60,77,0,0,0,0,0,0,0,3
125,7,2011,31,65,0,0,0,0,0,0,0,3.25
125,7,2016,31,75,1,1,0,1,0,0,0,3.25
126,62,2021,20,70,1,1,0,0,0,0,0,3.25
126,62,2021,13,73,1,1,0,0,0,0,0,3.25
126,62,2021,1,70,1,1,0,0,0,0,0,3.5
127,52,2007,14,71,1,1,0,1,1,0,0,2.5
127,52,2007,19,71,1,1,0,1,1,0,0,2.5
127,52,2007,2,70,1,1,0,1,1,0,0,3
127,52,2008,60,71,1,1,0,1,1,0,0,3.5
127,52,2009,2,60,1,1,0,1,1,0,0,3.25
127,52,2009,2,75,1,1,0,1,1,0,0,3.25
127,52,2010,31,71,1,1,0,1,1,0,0,3.25
127,52,2010,28,71,1,1,0,1,1,0,0,3.5
128,62,2015,31,65,1,1,0,0,0,0,0,2.5
128,62,2015,31,75,1,1,0,0,0,0,0,2.5
129,7,2009,60,80,1,1,0,1,0,1,0,2.5
129,7,2009,31,70,1,1,0,1,0,1,0,2.75
129,7,2009,4,70,1,1,0,1,0,1,0,3
129,7,2009,4,80,1,1,0,1,0,1,0,3
129,7,2009,60,70,1,1,0,1,0,1,0,3
130,62,2020,20,70,1,1,0,0,0,0,0,3.5
130,62,2020,60,75,1,1,0,0,0,0,0,3.75
130,62,2020,1,70,1,1,0,0,0,0,0,3.75
130,62,2020,28,67,1,1,0,0,0,0,0,4
130,62,2021,52,75,1,1,0,0,0,0,0,3.5
130,62,2021,3,75,1,1,0,0,0,0,0,3.75
131,34,2013,30,42,1,1,0,0,1,1,0,2.75
132,62,2018,36,70,1,1,0,0,0,0,0,2.75
133,62,2018,36,75,1,1,0,1,0,0,0,3.75
133,62,2019,61,72,1,1,0,1,0,0,0,3
133,62,2019,10,70,1,1,0,1,0,0,0,3.25
133,62,2019,14,73,1,1,0,1,0,0,0,3.5
133,62,2019,52,72,1,1,0,1,0,0,0,3.5
133,62,2019,13,72,1,1,0,1,0,0,0,3.75
133,62,2019,4,70,1,1,0,1,0,0,0,4
134,7,2011,36,68,0,0,0,0,0,0,0,3.75
135,62,2009,60,61,1,1,0,1,1,1,0,3
136,62,2010,60,77,1,1,0,1,0,0,0,2.75
137,46,2008,2,100,0,0,0,0,0,0,0,1
137,46,2008,2,80,1,1,0,1,0,0,0,3
137,46,2008,2,75,1,1,0,1,0,0,0,3.75
137,46,2010,2,73.5,1,1,0,0,0,0,0,3.75
138,62,2021,13,70,1,1,0,1,0,0,0,3.5
138,62,2021,21,79,1,1,0,1,0,0,0,3.5
139,62,2015,14,73,1,1,0,0,0,0,0,3.5
140,7,2020,36,70,1,1,0,1,0,0,0,3.5
141,53,2019,46,70,1,1,0,1,0,1,0,2.25
142,62,2021,36,68,1,1,0,1,0,0,0,3
142,62,2021,28,77,1,1,0,0,0,0,0,3.25
142,62,2021,8,70,1,1,0,1,0,0,0,3.25
143,1,2008,60,80,0,0,0,0,0,0,0,2.75
143,1,2008,14,88,0,0,0,0,0,0,0,2.75
143,1,2008,3,72,0,0,0,0,0,0,0,3.25
143,1,2008,60,70,0,0,0,0,0,0,0,3.75
143,1,2010,60,70,0,0,0,0,0,0,0,3.25
144,62,2015,14,76,1,1,0,0,0,0,0,3.5
145,62,2016,61,78,1,1,0,0,0,0,0,2.75
146,62,2021,37,70,1,1,0,1,0,0,0,2.5
146,62,2021,25,70,1,1,0,1,0,0,0,2.5
146,62,2021,36,68,1,1,0,1,0,0,0,3.25
146,62,2021,52,75,1,1,0,1,0,0,0,3.5
147,19,2007,28,72,1,1,0,1,0,0,0,3
147,19,2008,31,72,1,1,0,1,0,0,0,3
147,19,2008,60,72,1,1,0,1,0,0,0,3
147,19,2009,36,72,1,1,0,1,0,0,0,3
147,19,2009,36,62,1,1,0,1,0,0,0,3.25
147,19,2009,60,70,1,1,0,1,0,0,0,3.5
147,19,2009,60,70,1,1,0,1,0,0,0,3.75
147,19,2010,14,72,1,1,0,1,0,0,0,2.5
147,19,2010,60,70,1,1,0,1,0,0,0,3
147,19,2010,56,72,1,1,0,1,0,0,0,3
147,19,2010,19,72,1,1,0,1,0,0,0,3.25
147,19,2010,26,72,1,1,0,1,0,0,0,3.25
147,19,2010,60,72,1,1,0,1,0,0,0,3.25
147,19,2012,14,100,0,0,0,0,0,0,0,1.5
147,19,2012,18,85,1,1,0,1,0,0,0,3.5
147,19,2012,28,70,1,1,0,1,0,0,0,3.5
147,19,2012,2,72,1,1,0,1,0,0,0,3.75
147,19,2013,14,65,1,1,0,1,1,0,0,3.25
147,19,2017,18,75,1,1,0,1,0,0,0,3.75
148,4,2006,2,70,0,0,0,0,0,0,0,1
149,2,2012,52,75,1,1,0,1,0,0,0,3.25
149,2,2012,4,65,1,1,0,1,0,0,0,3.25
149,2,2012,16,67,1,1,0,1,0,0,0,3.25
149,2,2012,59,64,1,1,0,1,0,0,0,3.25
149,2,2012,35,75,1,1,0,1,0,0,0,3.5
149,2,2014,35,70,1,1,0,1,0,0,0,2.5
149,2,2014,59,83,1,1,0,1,0,0,0,2.75
150,62,2016,14,85,1,1,0,1,0,0,0,3.25
150,62,2016,14,73,1,1,0,1,0,0,0,3.75
151,62,2020,13,70,1,1,0,0,0,0,0,3.25
151,62,2020,8,70,1,1,0,0,0,0,0,3.25
151,62,2020,14,70,1,1,0,0,0,0,0,3.25
151,62,2020,22,70,1,1,0,0,0,0,0,3.5
151,62,2021,23,70,1,1,0,0,0,0,0,3.75
152,62,2020,20,70,1,1,0,1,0,0,0,3.25
152,62,2020,21,70,1,1,0,1,0,0,0,3.5
152,62,2020,1,75,1,1,0,1,0,0,0,3.5
152,62,2020,31,70,1,1,0,1,0,0,0,3.5
153,35,2021,31,73,1,1,0,0,0,0,0,3.75
154,2,2011,0,70,1,1,0,1,1,1,0,3.25
154,2,2015,0,70,1,1,0,1,0,0,0,2.75
155,62,2017,13,72,1,1,0,0,0,0,0,2.75
156,61,2015,19,70,1,1,0,1,0,0,0,2.25
156,61,2015,32,70,1,1,0,1,0,0,0,2.75
156,61,2015,56,70,1,1,0,1,0,0,0,3
156,61,2015,14,70,1,1,0,1,0,0,0,3.5
156,61,2018,2,65,1,1,0,1,1,0,0,2.5
157,62,2021,39,68,1,1,0,1,1,0,0,2.5
157,62,2021,23,72,1,1,0,1,1,0,0,3
157,62,2021,36,72,1,1,0,1,1,0,0,3.5
158,62,2012,10,70,1,1,0,0,0,0,0,3
158,62,2012,8,70,1,1,0,0,0,0,0,3.25
158,62,2012,13,70,1,1,0,0,0,0,0,3.75
158,62,2013,60,70,1,1,0,0,0,0,0,2.75
158,62,2013,60,70,1,1,0,0,0,0,0,3.25
158,62,2013,60,70,1,1,0,0,0,0,0,3.5
158,62,2013,35,70,1,1,0,0,0,0,0,3.5
158,62,2014,27,70,1,1,0,0,0,0,0,2.75
158,62,2014,1,70,1,1,0,0,0,0,0,3.5
158,62,2014,14,70,1,1,0,0,0,0,0,3.5
158,62,2014,13,70,1,1,0,0,0,0,0,3.75
158,62,2015,1,70,1,1,0,0,0,0,0,3
158,62,2016,13,70,1,1,0,0,0,0,0,3.75
158,62,2017,10,70,1,1,0,0,0,0,0,3
158,62,2018,43,70,1,1,0,0,0,0,0,3
158,62,2018,22,70,1,1,0,0,0,0,0,3.25
158,62,2018,23,70,1,1,0,0,0,0,0,3.5
158,62,2019,61,70,1,1,0,0,0,0,0,3.5
158,62,2021,20,70,1,1,0,0,0,0,0,2.75
158,62,2021,23,70,1,1,0,0,0,0,0,2.75
158,62,2021,36,70,1,1,0,0,0,0,0,3.25
158,62,2021,23,70,1,1,0,0,0,0,0,3.25
158,62,2021,52,70,1,1,0,0,0,0,0,3.5
158,62,2021,13,70,1,1,0,0,0,0,0,3.5
158,62,2021,4,70,1,1,0,0,0,0,0,4
159,62,2011,13,70,1,1,0,0,0,0,0,3.25
159,62,2011,28,70,1,1,0,0,0,0,0,3.25
159,62,2011,52,70,1,1,0,0,0,0,0,3.25
160,62,2021,13,70,1,1,0,0,0,0,0,3
161,22,2009,20,75,1,1,0,1,0,1,0,3
161,22,2009,20,60,1,1,0,1,0,1,0,3.25
161,22,2011,20,60,1,1,0,1,0,1,0,3.5
161,22,2012,60,75,1,1,0,1,0,1,0,3
161,22,2012,20,70,1,1,0,0,0,0,0,3.25
161,22,2012,20,70,1,1,0,0,0,0,0,3.75
161,22,2012,28,70,1,1,0,0,0,0,0,3.75
161,22,2012,20,70,1,1,0,0,0,0,0,4
161,22,2014,20,82,1,1,0,1,0,1,0,3.25
162,62,2016,60,72,1,1,0,0,0,0,0,2.75
162,62,2016,61,72,1,1,0,0,0,0,0,3
162,62,2016,2,70,1,1,0,0,0,0,0,3.25
163,4,2019,36,72,1,1,0,1,1,0,0,3
163,4,2019,61,70,1,1,0,1,1,0,0,3.25
164,62,2015,28,70,1,1,0,1,0,0,0,3
164,62,2015,52,70,1,1,0,1,0,0,0,3
164,62,2015,60,70,1,1,0,1,0,0,0,3.25
164,62,2015,14,70,1,1,0,1,0,0,0,3.25
164,62,2016,3,75,1,1,0,1,0,0,0,3.25
165,62,2012,2,58,1,1,0,1,1,0,0,3.25
165,62,2013,18,70,1,1,0,1,1,0,0,2.5
165,62,2013,13,70,1,1,0,1,1,0,0,2.75
165,62,2013,60,70,1,1,0,1,1,0,0,2.75
166,6,2015,4,72,1,1,0,1,0,0,0,3.5
166,6,2015,4,65,1,1,0,1,0,0,0,3.5
167,50,2016,58,70,1,1,0,1,0,0,0,2.5
167,50,2016,28,70,1,1,0,1,0,0,0,3
168,62,2007,28,66,1,1,0,1,0,1,0,2.5
168,62,2007,10,64,1,1,0,1,0,1,0,3
168,62,2007,14,71,1,1,0,1,0,1,0,3
168,62,2007,18,60,1,1,0,1,0,1,0,3
168,62,2007,35,64,1,1,0,1,0,1,0,3
168,62,2007,36,64,1,1,0,1,0,1,0,3
169,18,2008,60,66,1,1,0,1,0,1,0,3.75
169,18,2009,35,64,1,1,0,1,0,1,0,3
170,13,2018,13,70,1,1,0,0,0,0,0,2.5
170,13,2018,13,70,1,1,0,0,0,0,0,2.5
170,13,2018,13,80,1,1,0,0,0,0,0,3
171,7,2016,52,72,1,1,0,0,0,0,0,2.5
171,7,2019,20,72,1,1,0,0,0,0,0,3
172,62,2007,10,77,1,1,0,0,0,0,0,3.5
172,62,2007,13,77,1,1,0,0,0,0,0,3.5
172,62,2008,3,80,1,1,0,0,0,0,0,2.75
173,62,2011,28,80,1,1,0,0,0,0,0,2.75
173,62,2011,60,75,1,1,0,0,0,0,0,2.75
173,62,2011,13,74,1,1,0,0,0,0,0,3
173,62,2011,14,70,1,1,0,0,0,0,0,3.25
173,62,2012,3,75,1,1,0,0,0,0,0,2.75
173,62,2013,14,70,1,1,0,0,0,0,0,3.25
173,62,2013,14,76,1,1,0,0,0,0,0,3.5
173,62,2014,13,74,1,1,0,0,0,0,0,3.5
173,62,2015,3,70,1,1,0,0,0,0,0,3.75
173,62,2016,61,78,1,1,0,0,0,0,0,3.5
173,62,2017,20,70,1,1,0,0,0,0,0,3.75
173,62,2017,4,75,1,1,0,0,0,0,0,3.75
173,62,2017,44,72,1,1,0,0,0,0,0,4
173,62,2018,16,80,1,1,0,0,0,0,0,3.75
173,62,2019,28,72,1,1,0,0,0,0,0,3.75
173,62,2019,1,72,1,1,0,0,0,0,0,4
173,62,2020,2,73,1,1,0,0,0,0,0,3.5
173,62,2021,26,75,1,1,0,0,0,0,0,3.75
173,62,2021,31,72,1,1,0,0,0,0,0,4
174,47,2019,41,75,1,1,0,1,1,0,0,2.5
174,47,2019,41,70,1,1,0,1,1,0,0,2.75
174,47,2019,41,65,1,1,0,1,1,0,0,3
174,47,2019,41,75,1,1,0,1,1,0,0,3
175,61,2014,34,72,1,1,0,1,0,0,0,3.25
175,61,2014,60,72,1,1,0,1,0,0,0,3.25
175,61,2014,32,72,1,1,0,1,0,0,0,3.5
175,61,2015,60,85,1,1,0,1,0,0,0,3
176,62,2009,57,70,0,0,0,0,0,0,0,3.75
177,4,2006,2,70,1,1,0,0,1,0,0,1.5
177,4,2008,2,88,1,1,0,0,1,0,0,3
178,29,2006,60,70,1,1,0,0,0,0,0,3
178,29,2006,36,70,1,1,0,0,0,0,0,3.25
178,29,2006,60,70,1,1,0,0,0,0,0,3.5
178,29,2007,60,75,1,1,0,0,0,0,0,3.25
178,29,2007,60,60,1,1,0,0,0,0,0,3.25
178,29,2007,28,70,1,1,0,0,0,0,0,3.5
178,29,2007,28,70,1,1,0,0,0,0,0,3.5
178,29,2007,24,70,1,1,0,0,0,0,0,3.75
178,29,2007,60,70,1,1,0,0,0,0,0,4
178,29,2007,14,70,1,1,0,0,0,0,0,4
178,29,2007,60,70,1,1,0,0,0,0,0,4
178,29,2008,60,70,1,1,0,0,0,0,0,3
178,29,2008,8,70,1,1,0,0,0,0,0,3
178,29,2008,2,78,1,1,0,0,0,0,0,3.5
178,29,2008,2,70,1,1,0,0,0,0,0,3.75
178,29,2010,60,70,1,1,0,0,0,0,0,3
178,29,2011,60,70,1,1,0,0,0,0,0,3.5
178,29,2012,52,70,1,1,0,0,0,0,0,3.5
178,29,2012,60,70,1,1,0,0,0,0,0,3.75
178,29,2013,60,100,0,0,0,0,0,0,0,3
178,29,2015,14,70,1,1,0,0,0,0,0,3.75
178,29,2015,60,70,1,1,0,0,0,0,0,3.75
178,29,2018,52,70,1,1,0,0,0,0,0,4
179,61,2015,60,70,1,1,0,1,0,0,0,2.5
179,61,2015,8,80,1,1,0,1,0,0,0,2.75
179,61,2015,28,77,1,1,0,1,0,0,0,2.75
179,61,2016,19,75,1,1,1,1,0,0,0,2.75
179,61,2018,37,71.5,1,1,1,1,0,0,0,2.75
179,61,2018,20,72,1,1,1,1,0,0,0,3.5
179,61,2018,36,80,1,1,1,0,0,0,0,3.5
179,61,2021,1,78,1,1,0,1,0,0,0,3.25
180,62,2019,13,75,1,1,0,0,0,0,0,2.5
180,62,2019,52,70,1,1,0,0,0,0,0,2.75
180,62,2019,13,75,1,1,0,0,0,0,0,3
181,61,2010,14,70,1,1,0,1,0,0,0,2.5
181,61,2010,34,70,1,1,0,1,0,0,0,3.5
181,61,2010,14,72,1,1,0,1,0,0,0,3.75
181,61,2010,36,70,1,1,0,1,0,0,0,3.75
181,61,2011,34,72,1,1,0,1,0,0,0,3
181,61,2011,32,71,1,1,0,1,0,0,0,3.25
181,61,2011,13,65,1,1,0,1,0,0,0,3.5
181,61,2011,60,71,1,1,0,1,0,0,0,3.5
181,61,2011,22,72,1,1,0,1,0,0,0,3.75
181,61,2012,60,72,1,1,0,1,0,0,0,3.75
181,61,2014,32,70,1,1,0,1,1,0,0,3.5
181,61,2014,32,76,1,1,0,1,1,0,0,3.75
181,61,2015,20,70,1,1,0,1,1,0,0,4
181,61,2017,33,70,1,1,0,1,1,0,0,2.75
181,61,2018,20,80,1,1,0,1,1,0,0,3.25
181,61,2019,37,70,1,1,0,1,1,0,0,3.5
181,61,2021,32,70,1,1,0,1,1,0,0,3.5
182,62,2015,13,70,1,1,0,0,0,0,0,3.25
183,18,2012,28,82,0,0,0,0,0,0,0,2.75
184,62,2015,13,70,1,1,0,1,0,0,0,3.25
184,62,2015,60,70,1,1,0,1,0,0,0,3.25
184,62,2015,36,70,1,1,0,1,0,0,0,3.5
184,62,2015,60,70,1,1,0,1,0,0,0,3.5
184,62,2015,14,70,1,1,0,1,0,0,0,4
184,62,2018,36,70,1,1,0,1,0,0,0,4
185,7,2014,36,70,1,1,0,1,0,0,0,3.25
185,7,2014,28,70,1,1,0,1,0,0,0,3.5
185,7,2014,13,70,1,1,0,1,0,0,0,3.75
186,7,2016,8,70,1,1,0,1,0,0,0,3.25
186,7,2016,8,70,1,1,0,1,0,0,0,3.25
187,62,2012,36,72,1,1,0,1,0,0,0,2.75
188,62,2019,36,80,1,1,0,0,0,0,0,3.5
189,19,2016,60,68,1,1,0,0,0,0,0,3
190,62,2020,28,70,1,1,0,0,0,0,0,3
190,62,2020,8,70,1,1,0,0,0,0,0,3
191,5,2008,3,71,1,1,0,1,1,0,0,2.75
191,5,2011,3,75,1,1,0,1,1,0,0,3.75
192,64,2006,60,70,1,1,0,1,1,1,0,2.75
192,64,2008,60,74,1,1,0,1,1,1,0,2.5
192,64,2008,60,58,1,1,0,1,1,1,0,2.5
192,64,2008,60,61,1,1,0,1,1,1,0,3
192,64,2009,60,60.5,1,1,0,1,1,1,0,2.75
192,64,2009,60,70,1,1,0,1,1,1,0,3
192,64,2015,60,70,1,1,0,1,1,1,0,3.75
193,62,2019,20,70,1,1,0,1,0,0,0,3.5
194,53,2013,46,60,1,1,0,0,0,0,0,2.75
194,53,2013,46,70,1,1,0,0,0,0,0,3.25
195,30,2015,60,79,1,1,0,1,0,0,0,3
195,30,2015,36,78,1,1,0,1,0,0,0,3.5
196,18,2018,13,70,1,1,0,0,0,0,0,3.25
196,18,2018,21,70,1,1,0,0,0,0,0,3.5
196,18,2018,20,70,1,1,0,0,0,0,0,3.5
196,18,2018,28,70,1,1,0,0,0,0,0,3.5
197,62,2016,22,75,1,1,0,0,0,0,0,3.25
197,62,2018,61,72,1,1,0,0,0,0,0,3
197,62,2019,43,70,1,1,0,1,0,0,0,2.5
197,62,2019,52,80,1,1,0,1,0,0,0,3
197,62,2019,56,72,1,1,0,1,0,0,0,3.5
198,52,2010,2,80,0,0,0,0,0,0,0,3.25
199,18,2014,61,80,1,1,0,1,0,0,0,3
199,18,2014,61,70,1,1,0,1,0,0,0,3.25
199,18,2014,61,74,1,1,0,1,0,0,0,3.25
200,62,2008,60,72,1,1,0,1,0,1,0,3
200,62,2009,10,65,1,1,0,1,0,1,0,2
200,62,2009,2,74,1,1,0,1,0,1,0,2.75
200,62,2009,60,81,1,1,0,1,0,1,0,3.5
200,62,2012,60,70,1,1,0,1,0,1,0,2.75
200,62,2021,2,65,1,1,0,1,0,0,0,3
200,62,2021,8,70,1,1,0,0,0,0,0,3.5
201,62,2011,2,55,1,1,0,1,0,1,0,2.5
201,62,2011,56,55,1,1,0,1,0,1,0,2.5
201,62,2011,60,70,1,1,0,1,0,1,0,2.5
201,62,2011,2,62,1,1,0,1,0,1,0,2.5
201,62,2011,2,62,1,1,0,1,0,1,0,2.75
202,62,2014,1,80,1,1,0,1,0,0,0,3
202,62,2014,14,80,1,1,0,1,0,0,0,3.5
202,62,2014,13,80,1,1,0,1,0,0,0,3.75
202,62,2018,20,80,1,1,0,1,0,0,0,3.5
202,62,2021,58,70,1,1,0,1,0,0,0,3
203,62,2019,36,73,1,1,0,1,0,0,0,3
204,62,2010,4,75,1,1,0,0,0,0,0,2.75
205,43,2016,60,76,1,1,0,0,0,0,0,2.5
205,43,2016,1,76,1,1,0,0,0,0,0,2.75
205,43,2016,26,76,1,1,0,0,0,0,0,3
206,57,2006,2,62,1,1,0,1,1,1,0,2
206,57,2006,28,64,1,1,0,1,1,1,0,3
206,57,2006,60,65,1,1,0,1,1,1,0,3
206,57,2006,13,74,1,1,0,1,1,1,0,3
206,57,2006,14,72,1,1,0,1,1,1,0,3.5
206,57,2006,3,68,1,1,0,1,1,1,0,4
206,57,2010,19,58,1,1,0,1,1,1,0,3.5
207,62,2014,39,65,1,1,0,1,0,0,0,2.25
207,62,2014,13,85,1,1,0,1,0,0,0,2.5
207,62,2014,13,80,1,1,0,1,0,0,0,3
207,62,2014,13,70,1,1,0,1,0,0,0,3.25
208,7,2020,22,70,1,1,0,1,0,0,0,2.75
208,7,2020,8,70,1,1,0,1,0,0,0,2.75
208,7,2020,31,70,1,1,0,1,0,0,0,3
208,7,2020,2,70,1,1,0,1,0,0,0,3.25
209,61,2019,37,73,1,1,0,1,1,0,0,3.25
209,61,2019,35,72,1,1,0,1,1,0,0,3.5
209,61,2019,44,69,1,1,0,1,1,0,0,3.5
209,61,2019,59,72,1,1,0,1,1,0,0,3.75
210,62,2018,1,75,1,1,0,0,0,0,0,2.75
210,62,2018,20,75,1,1,0,0,0,0,0,2.75
210,62,2018,8,75,1,1,0,0,0,0,0,3
210,62,2018,13,75,1,1,0,0,0,0,0,3.5
211,39,2018,28,70,1,1,0,1,0,0,0,3
211,39,2018,23,68,1,1,0,1,0,0,0,3.5
211,39,2018,52,70,1,1,0,1,0,0,0,3.5
212,61,2014,36,72,1,1,1,1,0,0,0,2.75
213,44,2016,13,70,1,1,0,1,1,1,1,2.75
213,44,2016,13,80,1,1,0,1,1,1,1,2.75
214,49,2016,28,70,1,1,0,0,0,0,0,2.75
214,49,2016,14,75,1,1,0,0,0,0,0,3.5
214,49,2016,52,67,1,1,0,0,0,0,0,3.75
214,49,2018,13,72,1,1,0,0,0,0,0,2.75
214,49,2018,3,70,1,1,0,0,0,0,0,3
214,49,2018,24,70,1,1,0,0,0,0,0,3
214,49,2018,37,70,1,1,0,0,0,0,0,3.25
214,49,2018,21,68,1,1,0,0,0,0,0,3.5
214,49,2019,31,70,1,1,0,0,0,0,0,3
214,49,2019,28,70,1,1,0,0,0,0,0,3.5
214,49,2021,24,72,1,1,0,0,0,0,0,3.5
214,49,2021,29,72,1,1,0,0,0,0,0,3.5
215,37,2019,35,70,1,1,0,0,0,0,0,3
215,37,2019,3,70,1,1,0,0,0,0,0,3
215,37,2019,59,70,1,1,0,0,0,0,0,3
215,37,2019,8,70,1,1,0,0,0,0,0,3
215,37,2019,52,70,1,1,0,0,0,0,0,3.25
215,37,2019,14,70,1,1,0,0,0,0,0,3.75
215,37,2019,36,70,1,1,0,0,0,0,0,3.75
216,64,2012,60,60,1,1,0,1,0,0,0,3.5
216,64,2012,60,70,1,1,0,1,0,0,0,3.75
216,64,2014,60,70,1,1,0,1,0,0,0,3.5
216,64,2014,60,70,1,1,0,1,0,0,0,3.75
216,64,2018,60,60,1,1,0,1,1,0,0,2.5
216,64,2018,60,70,1,1,0,1,0,0,0,3
216,64,2018,60,85,1,1,0,0,0,0,0,3
216,64,2018,60,70,1,1,0,1,0,0,0,3.25
216,64,2018,60,72,1,1,0,0,0,0,0,3.5
217,4,2014,18,60,1,1,0,1,1,0,0,3.5
217,4,2014,28,65,1,1,0,1,1,0,0,3.5
217,4,2015,61,80,1,1,0,1,1,0,0,3
217,4,2015,10,70,1,1,0,1,1,0,0,3.5
217,4,2015,36,75,1,1,0,1,1,0,0,3.5
218,62,2011,36,70,1,1,0,0,0,0,0,3.5
218,62,2011,13,65,1,1,0,0,0,0,0,3.5
218,62,2012,36,81,1,1,1,0,0,0,0,2
218,62,2012,36,70,1,1,0,0,0,0,0,2.5
218,62,2012,36,66,1,1,1,0,0,0,0,3.5
218,62,2013,36,66,1,1,0,0,0,0,0,3.5
218,62,2014,10,80,1,1,0,0,0,0,0,3
218,62,2014,32,68,1,1,0,0,0,0,0,3.25
218,62,2015,20,73,1,1,0,0,0,0,0,3.5
218,62,2017,36,70,1,1,0,0,0,0,0,3.5
218,62,2019,23,71,1,1,0,1,0,0,0,3.25
219,62,2009,26,80,1,1,0,1,0,0,0,2.75
219,62,2009,26,70,1,1,0,1,0,0,0,3
219,62,2009,26,70,1,1,0,1,0,0,0,3.25
219,62,2009,60,65,1,1,0,1,0,0,0,3.5
219,62,2011,18,74,1,1,0,1,0,0,0,2.75
219,62,2011,28,74,1,1,0,1,0,0,0,2.75
219,62,2011,28,74,1,1,0,1,0,0,0,3
219,62,2011,26,70,1,1,0,1,0,0,0,3.25
219,62,2011,13,72,1,1,0,1,0,0,0,3.25
219,62,2011,60,76,1,1,0,1,0,0,0,3.25
219,62,2011,13,72,1,1,0,1,0,0,0,3.5
219,62,2011,26,70,1,1,0,1,0,0,0,3.5
219,62,2011,60,70,1,1,0,1,0,0,0,4
219,62,2012,35,69,1,1,0,0,0,0,0,3
219,62,2012,35,69,1,1,0,0,0,0,0,3.5
219,62,2012,35,69,1,1,0,0,0,0,0,3.5
219,62,2012,28,74,1,1,0,1,0,0,0,4
219,62,2012,35,69,1,1,0,0,0,0,0,4
219,62,2013,13,72,1,1,0,1,0,0,0,3.25
219,62,2013,13,72,1,1,0,1,0,0,0,3.75
219,62,2013,36,70,1,1,0,1,0,0,0,3.75
219,62,2013,36,70,1,1,0,1,0,0,0,4
219,62,2014,36,70,1,1,0,1,0,0,0,3
219,62,2014,36,70,1,1,0,1,0,0,0,3.5
219,62,2014,36,70,1,1,0,1,0,0,0,3.5
219,62,2014,36,70,1,1,0,1,0,0,0,3.5
219,62,2017,20,70,1,1,0,1,0,0,0,3.5
219,62,2017,20,70,1,1,0,1,0,0,0,3.5
219,62,2017,20,70,1,1,0,1,0,0,0,3.75
219,62,2018,60,72,1,1,0,1,0,0,0,3.25
219,62,2018,60,72,1,1,0,1,0,0,0,3.5
219,62,2021,36,74,1,1,0,1,0,0,0,3
219,62,2021,18,68,1,1,0,1,0,0,0,3.25
219,62,2021,36,74,1,1,0,1,0,0,0,3.25
219,62,2021,18,68,1,1,0,1,0,0,0,3.5
219,62,2021,32,70,1,1,0,1,0,0,0,3.5
219,62,2021,28,70,1,1,0,1,0,0,0,3.5
219,62,2021,32,70,1,1,0,1,0,0,0,3.75
219,62,2021,60,68,1,1,0,1,0,0,0,4
220,62,2017,4,70,1,1,0,0,0,0,0,3.5
220,62,2017,52,70,1,1,0,0,0,0,0,3.75
221,62,2014,1,70,1,1,0,0,0,0,0,3.5
221,62,2014,28,70,1,1,0,0,0,0,0,3.5
221,62,2014,36,70,1,1,0,0,0,0,0,4
222,12,2016,32,70,1,1,0,0,0,0,0,3.5
222,12,2017,32,70,1,1,0,1,0,0,0,3.75
222,12,2018,32,60,1,1,0,1,0,0,0,3
222,12,2018,32,70,1,1,0,1,0,0,0,3
222,12,2018,32,70,1,1,0,1,0,0,0,3.25
222,12,2018,32,70,1,1,0,1,0,0,0,3.25
222,12,2018,32,68,1,1,0,1,0,0,0,3.5
222,12,2018,32,70,1,1,0,1,0,0,0,3.5
222,12,2018,32,70,1,1,0,1,0,0,0,3.75
222,12,2018,32,70,1,1,0,1,0,0,0,3.75
222,12,2018,32,70,1,1,0,1,0,0,0,3.75
222,12,2018,20,70,1,1,0,1,0,0,0,4
222,12,2018,32,70,1,1,0,1,0,0,0,4
223,12,2011,32,70,1,1,0,1,0,0,0,3.25
223,12,2011,32,70,1,1,0,1,0,0,0,3.5
223,12,2011,32,70,1,1,0,1,0,0,0,3.5
223,12,2012,32,70,1,1,0,1,0,0,0,3.25
223,12,2012,22,70,1,1,0,1,0,0,0,3.25
223,12,2012,32,70,1,1,0,1,0,0,0,3.25
223,12,2012,32,70,1,1,0,1,0,0,0,3.75
223,12,2013,32,70,1,1,0,1,0,0,0,3.25
223,12,2013,32,70,1,1,0,1,0,0,0,3.5
223,12,2014,32,70,1,1,0,1,0,0,0,3.5
223,12,2015,32,60,1,1,0,1,0,0,0,3
223,12,2015,32,85,1,1,0,1,0,0,0,3.25
224,62,2011,10,70,1,1,0,1,0,0,0,3
224,62,2011,10,66,1,1,0,1,0,0,0,3.25
224,62,2012,36,70,1,1,0,1,0,0,0,2.5
224,62,2013,14,75,1,1,0,1,0,0,0,3
224,62,2013,13,70,1,1,0,1,0,0,0,3.75
224,62,2014,36,76,1,1,0,1,0,0,0,3
224,62,2014,56,70,1,1,0,1,0,0,0,3.75
224,62,2016,3,74,1,1,0,0,0,0,0,3.75
224,62,2016,10,74,1,1,0,0,0,0,0,4
224,62,2019,8,85,1,1,0,0,0,0,0,3.5
224,62,2019,28,74,1,1,0,0,0,0,0,3.75
224,62,2021,13,77,1,1,0,0,0,0,0,3.25
224,62,2021,13,68,1,1,0,1,0,1,0,3.75
224,62,2021,36,72,1,1,0,1,0,0,0,3.75
225,58,2018,51,70,1,1,0,1,0,0,0,2.5
225,58,2018,28,70,1,1,0,0,0,0,0,3
225,58,2018,52,70,1,1,0,0,0,0,0,3
225,58,2018,60,70,1,1,0,1,0,0,0,3.5
226,62,2014,57,85,1,1,0,0,0,1,0,2.5
227,19,2015,28,65,1,1,0,1,1,0,0,3.25
227,19,2015,13,70,1,1,0,1,1,0,0,3.5
227,19,2015,13,80,1,1,0,1,1,0,0,3.5
227,19,2015,28,75,1,1,0,1,1,0,0,3.5
227,19,2015,18,70,1,1,0,1,1,0,0,4
227,19,2017,46,77,1,1,0,1,0,0,0,3.5
227,19,2017,60,75,1,1,0,1,0,0,0,3.5
227,19,2018,20,72,1,1,0,1,0,0,0,2.75
227,19,2019,60,75,1,1,0,1,0,0,0,2.75
228,62,2015,4,66,1,1,0,0,0,0,0,3
228,62,2016,1,70,1,1,0,0,0,0,0,3.5
229,62,2016,31,77,1,1,0,1,0,0,0,2.75
229,62,2016,20,77,1,1,0,1,0,0,0,3.25
229,62,2016,32,77,1,1,0,1,0,0,0,3.25
229,62,2017,36,70,1,1,0,1,0,0,0,3.25
229,62,2019,8,73,1,1,0,1,0,0,0,2.5
229,62,2019,10,73,1,1,0,1,0,0,0,3
229,62,2021,14,70,1,1,0,1,0,0,0,3.75
230,62,2018,1,70,1,1,0,0,0,0,0,2.75
230,62,2021,23,70,1,1,0,0,0,0,0,3
230,62,2021,3,70,1,1,0,0,0,0,0,3.25
230,62,2021,13,70,1,1,0,0,0,0,0,3.25
231,65,2011,61,72,1,1,0,1,1,1,0,3
232,62,2021,28,72,1,1,0,1,0,0,0,3.5
232,62,2021,52,70,1,1,0,1,0,0,0,3.5
232,62,2021,13,75,1,1,0,1,0,0,0,3.5
232,62,2021,61,73,1,1,0,1,0,0,0,3.5
233,61,2006,2,70,1,1,0,1,1,1,0,2.5
234,30,2016,28,70,1,1,0,0,0,0,0,3.5
234,30,2019,36,73,1,1,0,0,0,0,0,2.5
235,61,2021,23,70,1,1,0,1,0,0,0,3
236,21,2008,19,71,1,1,0,1,1,1,0,2.5
236,21,2009,19,60,1,1,0,1,1,1,0,2.75
236,21,2010,19,82,1,1,0,1,1,1,0,3.25
237,29,2009,14,64,1,1,0,1,1,0,0,3
237,29,2009,18,64,1,1,0,1,1,0,0,3
237,29,2009,2,64,1,1,0,1,1,0,0,3
237,29,2009,60,76,1,1,0,1,1,0,0,3
237,29,2009,2,64,1,1,0,1,1,0,0,3.25
237,29,2018,28,70,1,1,0,1,1,0,0,2.75
238,62,2006,60,65,1,1,0,1,1,1,0,2.5
238,62,2006,8,65,1,1,0,1,1,1,0,3
238,62,2006,2,61,1,1,0,1,1,1,0,3
238,62,2006,28,65,1,1,0,1,1,1,0,3.5
238,62,2006,14,65,1,1,0,1,1,1,0,3.5
238,62,2006,2,61,1,1,0,1,1,1,0,3.5
238,62,2007,2,72,1,1,0,1,1,1,0,3.5
238,62,2008,36,65,1,1,0,1,1,1,0,3
238,62,2008,2,64,1,1,0,1,1,1,0,3
238,62,2008,60,65,1,1,0,1,1,1,0,3.5
238,62,2009,57,55,1,1,0,1,1,1,0,3
238,62,2009,2,91,1,1,0,1,1,1,0,3
238,62,2009,2,70,1,1,0,1,1,1,0,3.5
238,62,2010,56,65,1,1,0,1,1,1,0,3
238,62,2011,2,72,1,1,0,1,1,1,0,2.75
238,62,2011,2,61,1,1,0,1,1,1,0,3.25
238,62,2011,2,72,1,1,0,1,1,1,0,3.25
238,62,2013,21,65,1,1,0,1,1,1,0,2.75
238,62,2013,32,65,1,1,0,1,1,1,0,2.75
238,62,2013,26,65,1,1,0,1,1,1,0,3.25
238,62,2013,14,65,1,1,0,1,1,1,0,3.5
238,62,2015,2,70,1,1,0,1,1,1,0,3.75
239,7,2014,2,100,0,0,0,0,0,0,0,2
239,7,2014,35,80,1,1,0,1,0,0,0,2.75
239,7,2014,2,74,1,1,0,1,0,0,0,2.75
239,7,2014,2,65,1,1,0,1,0,0,0,2.75
239,7,2014,2,70,1,1,0,1,0,0,0,3
239,7,2014,2,80,1,1,0,1,0,0,0,3
239,7,2014,13,75,1,1,0,1,0,0,0,3.25
239,7,2014,57,66,1,1,0,1,0,0,0,3.25
239,7,2014,2,70,1,1,0,1,0,0,0,3.5
240,19,2007,14,77,1,1,0,1,0,1,0,2.5
241,14,2014,14,55,1,1,0,1,1,0,0,2.75
241,14,2014,14,70,1,1,0,1,1,0,0,3
242,2,2011,2,70,0,0,0,0,0,0,0,3
243,62,2015,4,67,1,1,0,1,0,0,0,3
243,62,2015,4,77,1,1,0,1,0,0,0,3.5
243,62,2015,4,74,1,1,0,1,0,0,0,3.5
243,62,2016,4,85,1,1,0,1,0,0,0,3.25
243,62,2018,4,75,1,1,0,1,0,0,0,3
244,61,2019,23,70,1,1,0,1,0,0,0,3
244,61,2019,61,70,1,1,0,1,0,0,0,3.25
245,62,2019,36,65,1,1,0,1,0,0,0,2.75
245,62,2019,52,72,1,1,0,1,0,0,0,3.25
245,62,2019,13,70,1,1,0,1,0,0,0,3.5
246,35,2021,31,70,1,1,0,0,0,0,0,3.5
247,19,2016,36,64,1,1,0,0,1,0,0,2.75
248,36,2019,24,71,1,1,0,1,1,0,0,2.5
248,36,2019,2,71,1,1,0,1,1,0,0,2.5
248,36,2019,60,71,1,1,0,1,1,0,0,3
249,62,2016,1,70,1,1,0,1,0,0,0,3.25
250,62,2016,10,74,1,1,0,1,0,0,0,3.5
251,62,2014,3,67,1,1,0,1,0,0,0,3
251,62,2014,3,67,1,1,0,1,0,0,0,3.5
251,62,2014,14,67,1,1,0,1,0,0,0,3.75
251,62,2014,57,67,1,1,0,1,0,0,0,3.75
252,62,2016,57,72,1,1,0,1,0,0,0,3.5
253,62,2016,14,70,1,1,0,1,0,0,0,3.5
254,62,2016,14,77,1,1,0,1,0,0,0,3.5
255,62,2016,3,68,1,1,0,1,0,0,0,3.75
255,62,2016,3,72,1,1,0,1,0,0,0,4
256,62,2015,58,57,1,1,0,1,0,0,0,2.75
256,62,2015,60,74,1,1,0,1,0,0,0,3.5
257,62,2021,14,70,1,1,0,0,0,0,0,2.75
257,62,2021,32,70,1,1,0,0,0,0,0,3.25
258,62,2015,52,70,1,1,1,0,0,0,0,2.75
258,62,2015,28,74,1,1,1,0,0,0,0,3
258,62,2015,60,70,1,1,1,0,0,0,0,3
258,62,2015,14,73,1,1,1,0,0,0,0,3.25
258,62,2015,36,70,1,1,1,0,0,0,0,3.25
258,62,2018,36,70,1,1,1,0,0,0,0,2.25
258,62,2018,14,73,1,1,1,0,0,0,0,2.5
258,62,2018,28,74,1,1,1,0,0,0,0,2.75
258,62,2018,52,70,1,1,1,0,0,0,0,3
258,62,2018,13,71,1,1,1,0,0,0,0,3.5
259,37,2016,28,70,1,1,0,1,0,0,0,2.75
259,37,2016,60,72,1,1,0,1,0,0,0,2.75
259,37,2016,13,75,1,1,0,1,0,0,0,3.25
259,37,2016,36,66,1,1,0,1,0,0,0,3.5
259,37,2019,60,68,1,1,0,1,0,0,0,3.25
259,37,2019,14,85,1,1,0,1,0,0,0,3.5
260,14,2009,14,80,1,1,0,1,1,0,0,2
260,14,2009,14,80,1,1,0,0,0,0,0,2.5
260,14,2009,14,72,1,1,0,0,0,0,0,3
260,14,2009,14,58,1,1,0,1,1,0,0,3.25
260,14,2009,14,58,1,1,0,1,1,0,0,3.5
261,28,2009,25,70,1,1,0,0,0,0,0,2.5
261,28,2009,13,70,1,1,0,0,0,0,0,2.75
261,28,2009,36,70,1,1,0,0,0,0,0,3.5
261,28,2009,13,75,1,1,0,0,0,0,0,3.75
261,28,2015,14,70,1,1,0,1,1,0,0,3.5
261,28,2015,28,70,1,1,0,1,1,0,0,3.5
261,28,2015,56,70,1,1,0,1,1,0,0,3.5
261,28,2015,60,70,1,1,0,1,1,0,0,3.5
261,28,2016,36,70,1,1,0,1,1,0,0,2.75
262,50,2014,14,72,1,1,1,0,0,0,0,2.5
263,61,2013,46,100,0,0,0,0,0,0,0,1.75
263,61,2013,46,70,1,1,0,0,0,0,0,4
263,61,2015,46,70,1,1,0,0,0,0,0,2.75
263,61,2018,8,75,1,1,0,1,1,0,0,2.75
263,61,2019,22,72,1,1,0,1,1,0,0,3
263,61,2019,52,80,1,1,0,1,1,0,0,3
264,61,2008,58,80,0,0,0,0,0,0,0,2.5
264,61,2008,52,75,1,1,0,1,1,0,0,2.75
264,61,2008,46,72,1,1,0,1,0,0,0,3
264,61,2008,41,72,1,1,0,1,1,0,0,3
264,61,2010,14,70,0,0,0,0,0,0,0,2.75
264,61,2010,60,70,1,1,0,1,1,0,0,2.75
264,61,2010,13,70,0,0,0,0,0,0,0,3
264,61,2011,14,80,1,1,0,1,1,0,0,3
264,61,2011,46,65,1,1,0,1,1,0,0,3
264,61,2011,46,65,1,1,0,1,1,0,0,3.25
264,61,2012,28,66,1,1,0,0,1,1,0,3.5
264,61,2013,14,100,1,0,0,0,0,0,0,2.5
264,61,2013,36,100,0,0,0,0,0,0,0,2.75
264,61,2013,13,100,0,0,0,0,0,0,0,2.75
264,61,2013,56,75,1,1,0,1,1,0,0,3
264,61,2013,14,90,1,1,0,0,0,0,0,3
264,61,2013,28,72,1,1,0,1,1,0,0,3
264,61,2013,61,80,1,1,0,1,1,0,0,3.5
264,61,2013,14,82,1,1,0,0,0,0,0,3.5
265,7,2013,60,70,1,1,0,1,0,0,0,3.25
265,7,2013,60,70,1,1,0,1,0,0,0,3.75
265,7,2014,3,70,1,1,0,1,0,0,0,3
265,7,2014,3,70,1,1,0,1,0,0,0,3
265,7,2014,32,70,1,1,0,1,0,0,0,3
265,7,2014,13,70,1,1,0,1,0,0,0,3.5
265,7,2014,13,70,1,1,0,1,0,0,0,3.75
265,7,2015,61,70,1,1,0,1,0,0,0,3.5
266,57,2011,60,72,1,1,0,1,0,0,0,3.25
266,57,2011,60,72,1,1,0,1,0,0,0,3.5
266,57,2011,60,72,1,1,0,1,0,0,0,3.75
266,57,2011,60,72,1,1,0,1,0,0,0,3.75
266,57,2011,60,72,1,1,0,1,0,0,0,3.75
266,57,2011,60,74,1,1,0,1,0,0,0,4
266,57,2011,60,70,1,1,0,1,0,0,0,4
266,57,2011,60,72,1,1,0,1,0,0,0,4
266,57,2011,60,72,1,1,0,1,0,0,0,4
266,57,2013,60,72,1,1,0,1,0,0,0,3.75
267,26,2016,23,61,1,1,0,1,1,0,0,2.5
268,62,2014,22,77,1,1,0,1,0,0,0,3
268,62,2017,61,72,1,1,0,1,0,0,0,3.25
269,48,2012,36,72,1,1,1,1,1,0,0,2.75
269,48,2012,36,72,1,1,1,1,1,0,0,3
270,62,2014,36,72,1,1,0,0,0,0,0,2.25
270,62,2014,1,72,1,1,0,0,0,0,0,3.25
270,62,2014,13,72,1,1,0,0,0,0,0,3.25
270,62,2014,28,72,1,1,0,0,0,0,0,3.5
271,54,2018,47,72,1,1,0,1,1,0,0,2.75
272,62,2015,13,70,1,1,0,0,0,0,0,2.75
272,62,2015,1,70,1,1,0,0,0,0,0,3.5
273,62,2006,18,71,1,1,0,1,1,1,0,2
274,62,2018,60,72,1,1,0,1,0,0,0,3.25
275,62,2017,26,67,1,1,0,1,1,0,0,3
275,62,2017,36,75,1,1,0,1,1,0,0,3
275,62,2017,60,72,1,1,0,1,0,0,0,3.5
275,62,2017,61,65,1,1,0,1,1,0,0,3.5
275,62,2017,14,70,1,1,0,1,1,0,0,3.5
275,62,2017,28,68,1,1,0,1,1,1,0,3.5
275,62,2017,14,78,1,1,0,1,1,0,0,3.75
275,62,2018,23,66,1,1,0,1,1,0,0,3
275,62,2018,8,73,1,1,0,1,1,0,0,3.25
275,62,2018,56,80,1,1,0,1,1,0,0,3.25
276,11,2015,28,63,1,1,0,0,0,0,0,2.75
276,11,2020,60,75,1,1,0,1,0,0,0,2.75
277,59,2018,53,70,1,1,0,1,0,0,0,3
277,59,2018,53,70,1,1,0,1,0,0,0,3.5
277,59,2018,53,70,1,1,0,1,0,0,0,3.5
277,59,2018,53,70,1,1,0,1,0,0,0,3.75
278,13,2013,13,82,1,1,0,1,1,1,0,3
278,13,2013,13,55,1,1,0,1,1,1,0,3.25
278,13,2013,13,62,1,1,0,1,1,1,0,3.25
278,13,2013,13,70,1,1,0,1,1,1,0,3.5
278,62,2020,13,68,1,1,0,1,1,0,0,3.75
278,62,2020,13,70,1,1,0,1,0,0,0,3.75
278,62,2020,13,67,1,1,0,1,1,0,0,3.75
279,13,2019,13,70,1,1,0,1,0,0,0,3
279,62,2019,13,72,1,1,0,1,1,0,0,3
279,13,2019,13,71.5,1,1,0,1,0,0,0,3.5
279,13,2019,13,68,1,1,0,1,1,0,0,3.75
279,62,2019,13,65,1,1,0,1,1,0,0,3.75
280,52,2019,32,75,1,1,0,1,0,0,0,3
280,52,2019,36,75,1,1,0,1,0,0,0,3
280,52,2019,52,75,1,1,0,1,0,0,0,3.25
281,19,2009,59,65,0,0,0,0,0,0,0,3.75
281,19,2012,36,64,0,0,0,0,0,0,0,2.5
282,14,2008,14,85,1,1,0,1,0,1,0,2.5
282,14,2008,14,75,1,1,0,1,0,1,0,2.5
282,14,2008,14,75,1,1,0,1,0,1,0,2.75
282,14,2008,14,85,1,1,0,1,0,1,0,2.75
282,14,2008,14,70,1,1,0,1,0,1,0,3
282,14,2008,14,85,1,1,0,1,0,1,0,3
282,14,2008,14,85,1,1,0,1,0,1,0,3
282,14,2008,14,70,1,1,0,1,0,1,0,3.5
283,18,2009,2,70,0,0,0,0,0,0,0,2.75
283,18,2009,14,80,0,0,0,0,0,0,0,2.75
284,7,2021,37,70,1,1,0,1,0,0,0,3.25
284,7,2021,35,70,1,1,0,1,0,0,0,3.5
285,62,2013,13,70,1,1,0,1,0,0,0,3.75
286,35,2009,31,72,1,1,0,1,1,1,0,2
287,7,2020,8,70,1,1,0,1,0,0,0,3.25
288,62,2014,13,60,1,1,0,0,0,0,0,3
289,0,2017,1,70,1,1,0,0,0,0,0,3
289,0,2017,61,70,1,1,0,0,0,0,0,3
289,0,2017,31,70,1,1,0,0,0,0,0,3.25
289,0,2018,28,70,1,1,0,0,0,0,0,3
289,0,2018,37,70,1,1,0,0,0,0,0,3.25
289,0,2018,31,70,1,1,0,0,0,0,0,3.75
289,36,2019,8,70,1,1,0,0,0,0,0,3
289,0,2019,35,70,1,1,0,0,0,0,0,3.25
290,62,2014,36,72,1,1,0,0,0,0,0,2.5
290,62,2014,60,72,1,1,0,1,0,0,0,2.75
290,62,2014,1,72,1,1,0,1,0,0,0,3
290,62,2014,28,72,1,1,0,1,0,0,0,3.25
290,62,2014,1,90,1,1,0,0,0,0,0,3.25
290,62,2014,13,72,1,1,0,1,0,0,0,3.25
290,62,2014,13,72,1,1,0,1,0,0,0,3.25
291,62,2016,36,70,1,1,0,1,1,0,0,2.75
291,62,2016,21,70,1,1,0,1,1,0,0,3.25
291,62,2016,4,70,1,1,0,1,1,0,0,3.75
291,62,2016,14,70,1,1,0,1,1,0,0,3.75
292,62,2014,58,72.5,1,1,0,1,0,1,1,2.5
292,62,2014,14,72.5,1,1,0,1,0,1,1,2.5
292,62,2014,13,72.5,1,1,0,1,0,1,1,3
292,62,2014,28,72.5,1,1,0,1,0,1,1,3
293,62,2009,3,68,1,1,0,1,1,1,0,3
293,62,2009,28,64,1,1,0,1,1,1,0,3.5
293,62,2010,60,71,1,1,0,1,1,1,0,3
293,62,2010,19,75,1,1,0,1,1,1,0,3.25
293,62,2010,13,74,1,1,0,1,1,1,0,3.75
293,62,2011,14,74,1,1,0,1,1,1,0,3.75
293,62,2012,36,74,1,1,0,1,1,1,0,3.25
293,62,2012,60,68,1,1,0,1,1,1,0,3.75
293,62,2012,4,70,1,1,0,1,1,1,0,4
294,62,2019,16,68,1,1,0,1,0,0,0,3
295,30,2016,36,70,0,0,0,0,0,0,0,2.25
295,30,2016,36,70,0,0,0,0,0,0,0,2.5
295,30,2016,1,70,0,0,0,0,0,0,0,3
295,30,2016,36,70,0,0,0,0,0,0,0,3
296,62,2018,13,70,1,1,0,0,0,0,0,3
296,62,2018,36,75,1,1,0,0,0,0,0,3
296,62,2018,1,70,1,1,0,1,1,0,0,3.25
296,62,2018,20,70,1,1,0,0,0,0,0,3.25
297,18,2018,1,70,1,1,0,0,0,0,0,3.5
297,18,2018,20,70,1,1,0,0,0,0,0,3.5
297,18,2019,36,72,1,1,0,0,0,0,0,3.5
298,18,2008,2,74,1,1,0,1,1,0,0,3.5
298,18,2009,2,60,1,1,0,1,1,0,0,3
298,18,2009,18,68,1,1,0,1,1,0,0,3.25
298,18,2009,60,69,1,1,0,1,1,0,0,3.5
298,18,2009,2,60,1,1,0,1,1,0,0,3.75
298,18,2011,19,68,1,1,0,1,1,0,0,3.5
298,18,2012,13,66,1,1,0,1,1,0,0,3.5
298,18,2013,2,74,1,1,0,1,1,0,0,2.75
298,18,2013,54,60,1,1,0,1,1,0,0,3.25
298,18,2013,14,56,1,1,0,1,1,0,0,3.25
299,40,2011,36,72,0,0,0,0,0,0,0,2.5
300,14,2011,14,60,0,0,0,0,0,0,0,3.25
301,35,2018,31,70,1,1,0,0,0,0,0,3
301,35,2018,31,70,1,1,0,0,0,0,0,3.5
301,35,2018,31,70,1,1,0,0,0,0,0,3.5
302,18,2014,11,70,1,1,0,1,1,0,0,2.75
302,18,2014,2,68,1,1,0,1,1,0,0,2.75
302,18,2015,28,75,1,1,0,1,1,0,0,2.75
302,18,2015,61,75,1,1,0,1,1,0,0,2.75
302,18,2015,11,75,1,1,0,1,1,0,0,3
302,18,2015,25,75,1,1,0,1,1,0,0,3
302,18,2015,36,75,1,1,0,1,1,0,0,3.25
302,18,2015,4,75,1,1,0,1,1,0,0,3.25
302,18,2015,41,75,1,1,0,1,1,0,0,3.5
302,18,2015,61,75,1,1,0,1,1,0,0,3.75
303,6,2012,4,70,0,0,0,0,0,0,0,3.5
304,62,2009,52,75,0,0,0,0,0,0,0,2.5
305,62,2012,60,75,1,1,0,1,1,1,0,3
305,62,2012,60,75,1,1,0,1,1,1,0,3
305,62,2012,2,72,1,1,0,1,1,1,0,3
305,62,2016,32,80,1,1,0,0,0,0,0,3.5
306,61,2018,32,71,1,1,0,1,0,0,0,3
306,61,2018,22,70,1,1,0,1,0,0,0,3.25
306,61,2018,32,73,1,1,0,1,0,0,0,3.5
307,62,2017,3,74,1,1,0,1,0,0,0,3.75
308,4,2019,8,70,1,1,0,1,0,0,0,2.75
308,4,2019,10,70,1,1,0,1,0,0,0,3.25
308,4,2019,36,70,1,1,0,1,0,0,0,3.5
309,62,2014,36,70,1,1,0,0,0,0,0,3.5
309,62,2015,10,70,1,1,0,0,0,0,0,3
309,62,2015,3,70,1,1,0,0,0,0,0,3.25
309,62,2015,13,70,1,1,0,0,0,0,0,3.25
309,62,2015,56,70,1,1,0,0,0,0,0,3.5
309,62,2015,52,70,1,1,0,0,0,0,0,3.5
309,62,2016,27,70,1,1,0,0,0,0,0,3.25
309,62,2017,1,70,1,1,0,0,0,0,0,3.25
309,62,2017,22,70,1,1,0,0,0,0,0,3.5
309,62,2017,36,70,1,1,0,1,0,0,0,4
309,62,2018,18,70,1,1,0,1,0,0,0,3.75
309,62,2019,26,70,1,1,0,1,0,0,0,3.25
309,62,2019,3,70,1,1,0,1,0,0,0,3.25
309,62,2021,42,70,1,1,0,1,0,0,0,3.5
309,62,2021,57,70,1,1,0,1,0,0,0,3.75
310,17,2014,28,71,1,1,0,1,0,0,0,3.5
311,17,2016,28,70,1,1,0,0,0,0,0,3
312,62,2012,2,75,1,1,0,0,0,0,0,2.75
312,62,2012,13,74,1,1,0,0,0,0,0,3
312,62,2012,36,65,1,1,0,0,0,0,0,3.5
312,62,2012,3,68,1,1,0,0,0,0,0,3.5
312,62,2012,3,68,1,1,0,0,0,0,0,3.5
312,62,2012,36,68,1,1,0,0,0,0,0,3.75
313,57,2007,2,85,1,1,0,1,0,1,0,3
314,62,2020,43,72,1,1,0,0,0,0,0,2.5
314,62,2020,23,72,1,1,0,0,0,0,0,3
314,62,2020,61,72,1,1,0,0,0,0,0,3
315,44,2013,39,65,1,1,0,1,1,1,0,2.5
316,62,2013,57,71,1,1,0,1,0,1,0,3
316,62,2013,57,72,1,1,0,1,0,1,0,3
316,62,2013,57,70,1,1,0,1,0,1,0,3.5
316,62,2014,57,65,1,1,0,1,0,1,0,3.25
316,62,2014,57,70,1,1,0,0,0,0,0,3.75
316,62,2014,57,75,1,1,0,1,0,1,0,3.75
317,62,2021,3,70,1,1,0,1,0,0,0,2.75
317,62,2021,1,75,1,1,0,1,0,0,0,3
318,62,2015,32,75,1,1,0,0,0,0,0,2
319,58,2018,32,75,1,1,0,0,0,0,0,2.5
319,58,2018,49,70,1,1,0,0,0,0,0,3
319,58,2018,32,80,1,1,0,0,0,0,0,3.25
319,58,2018,32,78,1,1,0,0,0,0,0,3.5
320,6,2017,4,81,1,1,0,0,0,0,0,3.25
320,6,2018,4,70,1,1,0,0,0,0,0,3
320,6,2021,4,70,1,1,0,1,0,0,0,3.25
321,61,2020,35,72,1,1,0,1,0,0,0,3.25
322,9,2010,2,46,1,1,0,1,1,1,0,2.75
322,9,2010,2,60,1,1,0,1,1,1,0,3
322,9,2010,2,58,1,1,0,1,1,1,0,3
322,9,2010,8,65,1,1,0,1,1,1,0,3.5
323,62,2020,23,72,1,1,0,1,0,0,0,3
323,62,2020,28,73,1,1,0,1,0,0,0,3.25
323,62,2020,52,75,1,1,0,1,0,0,0,3.25
323,62,2020,58,68,1,1,0,1,0,0,0,3.25
323,62,2020,25,67,1,1,0,1,0,0,0,3.5
324,40,2010,36,55,0,0,0,0,0,0,0,2.25
324,40,2011,36,70,0,0,0,0,0,0,0,1.5
325,62,2019,58,75,1,1,0,1,0,0,0,2.5
325,62,2019,18,75,1,1,0,1,0,0,0,2.75
326,32,2008,28,67,1,1,0,1,1,1,0,3.5
326,32,2008,28,75,1,1,0,1,1,1,0,3.5
326,32,2008,28,70,1,1,0,1,1,1,0,3.75
326,32,2008,28,63,1,1,0,1,1,1,0,4
327,62,2021,8,70,1,1,0,0,0,0,0,2.5
328,62,2010,31,72,1,1,0,1,0,1,0,2.75
328,62,2011,13,70,1,1,0,1,0,1,0,2.5
328,62,2011,10,70,1,1,0,1,0,1,0,2.75
328,62,2012,57,70,1,1,0,1,0,1,0,3.25
328,62,2012,57,70,1,1,0,1,0,1,0,3.25
328,62,2012,57,70,1,1,0,1,0,1,0,3.5
328,62,2013,39,70,1,1,0,1,0,1,0,2.75
328,62,2013,57,70,1,1,0,1,0,1,0,2.75
328,62,2013,31,70,1,1,0,1,0,1,0,2.75
328,62,2013,4,70,1,1,0,1,0,1,0,3.5
328,62,2017,44,73,1,1,0,0,0,0,0,3.5
329,29,2008,52,75,1,1,0,1,0,1,0,2
329,29,2008,14,70,1,1,0,0,1,1,0,3
329,29,2008,11,70,1,1,0,1,1,1,0,3.25
329,29,2008,13,70,1,1,0,1,1,1,0,3.75
330,29,2010,14,70,1,1,0,1,1,0,0,2
331,32,2007,28,75,1,1,0,1,1,0,0,2.75
331,32,2007,28,73,1,1,0,1,1,0,0,3.5
332,41,2013,37,65,1,1,0,1,1,1,0,3.5
333,59,2018,53,70,1,1,1,1,0,0,0,2.75
334,62,2009,57,55,1,1,0,1,1,1,0,2.75
334,62,2010,57,55,1,1,0,1,1,1,0,3.5
335,56,2016,60,70,1,1,0,1,0,0,0,3
336,62,2012,13,74,1,1,0,1,0,0,0,3.75
336,62,2014,36,74,1,1,0,1,0,0,0,2.5
336,62,2014,60,74,1,1,0,1,0,0,0,2.75
336,62,2015,14,74,1,1,0,0,0,0,0,2.5
337,9,2014,8,70,1,1,0,1,1,0,0,2.75
338,62,2012,57,72,1,1,0,1,0,0,0,2.75
338,62,2012,36,72,1,1,0,1,0,0,0,3
338,62,2012,27,72,1,1,0,1,0,0,0,3.25
338,62,2012,57,72,1,1,0,1,0,0,0,3.25
338,62,2013,57,72,1,1,0,1,0,0,0,3.75
338,62,2015,35,72,1,1,0,1,0,0,0,3.5
338,62,2015,10,72,1,1,0,1,0,0,0,3.75
338,62,2017,36,70,1,1,0,1,0,0,0,3.25
338,62,2019,57,70,1,1,0,1,0,0,0,3.5
339,42,2012,13,70,1,1,0,0,0,0,0,3.25
339,42,2012,14,70,1,1,0,0,0,0,0,3.25
339,42,2012,18,70,1,1,0,0,0,0,0,3.5
339,42,2014,8,85,1,1,0,0,0,0,0,3.5
339,42,2014,60,70,1,1,0,0,0,0,0,3.75
339,42,2016,36,70,1,1,0,1,0,0,0,3.5
339,42,2016,32,70,1,1,0,1,0,0,0,3.75
340,62,2015,56,70,1,1,0,1,0,0,0,2.75
340,62,2015,8,75,1,1,0,1,0,0,0,2.75
340,62,2015,52,72,1,1,0,1,0,0,0,3
340,62,2015,13,70,1,1,0,1,0,0,0,3.5
340,62,2015,36,62,1,1,0,1,0,0,0,3.5
340,62,2015,14,70,1,1,0,1,0,0,0,3.5
340,62,2015,32,70,1,1,0,1,0,0,0,3.5
340,62,2015,36,68,1,1,0,1,0,0,0,3.5
340,62,2015,22,78,1,1,0,1,0,0,0,3.5
340,62,2016,61,75,1,1,0,1,0,0,0,3.25
340,62,2017,61,73,1,1,0,0,0,0,0,3
340,62,2018,2,72,1,1,0,1,0,0,0,3
340,62,2018,31,72,1,1,0,1,0,0,0,3.25
340,62,2018,13,72,1,1,0,1,0,0,0,3.5
341,40,2016,36,70,1,1,0,1,0,0,0,2.75
341,40,2021,36,80,1,1,0,1,0,0,0,3.25
341,40,2021,36,70,1,1,0,1,0,0,0,3.5
342,62,2021,31,72,1,1,0,1,0,0,0,2.75
342,62,2021,3,72,1,1,0,1,0,0,0,2.75
342,62,2021,4,72,1,1,0,1,0,0,0,3.25
343,7,2016,2,75,1,1,0,0,0,0,0,3.25
344,62,2018,21,75,1,1,0,0,0,0,0,2.75
345,65,2012,61,80,1,1,0,1,0,0,0,3
345,65,2012,61,76,1,1,0,1,0,0,0,3.5
345,65,2012,61,72,1,1,0,1,0,0,0,3.5
345,65,2012,61,70,1,1,0,1,0,0,0,3.5
345,65,2012,61,78,1,1,0,1,0,0,0,3.5
345,65,2012,61,74,1,1,0,1,0,0,0,3.5
345,65,2013,61,75,1,1,0,1,0,0,0,3.5
345,65,2015,61,85,1,1,0,0,0,0,0,3.25
345,65,2015,61,68,1,1,0,0,0,0,0,3.5
345,65,2015,61,70,1,1,0,0,0,0,0,3.75
345,65,2018,61,75,1,1,0,1,0,0,0,3.5
346,62,2010,10,65,0,0,0,0,0,0,0,3
346,62,2010,25,65,0,0,0,0,0,0,0,3
346,62,2010,33,65,0,0,0,0,0,0,0,3.25
346,62,2010,18,65,0,0,0,0,0,0,0,3.5
347,62,2013,13,74,1,1,0,1,0,1,0,2.25
347,62,2013,13,89,1,1,0,1,0,1,0,2.5
348,3,2016,3,76,1,1,0,1,0,0,0,2.75
348,3,2016,21,82,1,1,0,1,0,0,0,3
348,3,2016,8,74,1,1,0,1,0,0,0,3.25
349,62,2010,60,81,1,1,0,0,0,0,0,2.75
349,62,2010,60,75,1,1,0,0,0,0,0,3
349,62,2010,13,70,1,1,0,0,0,0,0,3.25
349,62,2011,60,81,1,1,0,0,0,0,0,2.75
349,62,2011,35,71,1,1,0,0,0,0,0,2.75
349,62,2011,60,76,1,1,0,0,0,0,0,3
349,62,2011,60,70,1,1,0,0,0,0,0,3
349,62,2011,36,75,1,1,0,0,0,0,0,3
349,62,2011,13,73,1,1,0,0,0,0,0,3.25
349,62,2011,2,72,1,1,0,0,0,0,0,3.5
349,62,2011,1,70,1,1,0,0,0,0,0,3.5
349,62,2011,13,74,1,1,0,0,0,0,0,3.75
349,62,2012,2,72,1,1,0,0,0,0,0,2.5
349,62,2012,60,73,1,1,0,0,0,0,0,2.75
349,62,2012,2,73,1,1,0,0,0,0,0,3.5
349,62,2014,2,75,1,1,0,0,0,0,0,3.75
349,62,2015,20,76,1,1,0,0,0,0,0,3
349,62,2015,52,74,1,1,0,0,0,0,0,3.25
350,2,2013,59,72,1,1,0,1,0,0,0,3.5
350,2,2013,2,70,1,1,0,1,0,0,0,3.75
350,2,2013,28,68,1,1,0,1,0,0,0,4
350,2,2013,35,74,1,1,0,1,0,0,0,4
351,62,2021,57,70,1,1,0,1,0,0,0,3.5
352,62,2014,1,70,1,1,0,0,0,0,0,3.25
352,62,2014,13,70,1,1,0,0,0,0,0,3.25
352,62,2014,36,82,1,1,0,0,0,0,0,3.25
352,62,2014,36,63,1,1,0,1,0,0,0,3.5
352,62,2020,57,70,1,1,0,1,0,0,0,3
352,62,2020,61,75,1,1,0,1,0,0,0,3
352,62,2020,28,65,1,1,0,1,0,0,0,3.25
353,62,2016,13,72,1,1,0,0,0,0,0,3
354,7,2020,20,70,1,1,0,1,0,0,0,2.5
354,7,2020,1,70,1,1,0,1,0,0,0,3.25
355,62,2014,3,70,1,1,0,0,0,0,0,2.5
355,62,2014,60,70,1,1,0,0,0,0,0,2.75
355,62,2014,1,70,1,1,0,0,0,0,0,3
355,62,2014,32,70,1,1,0,0,0,0,0,3
355,62,2014,13,70,1,1,0,0,0,0,0,3.5
356,12,2019,14,85,1,1,1,0,0,0,0,2.5
356,12,2019,13,70,1,1,1,0,0,0,0,2.75
356,12,2019,37,70,1,1,1,0,0,0,0,3.25
356,12,2019,52,70,1,1,1,0,0,0,0,3.25
357,32,2012,28,80,1,1,0,1,1,0,0,2.5
357,32,2012,28,72,1,1,0,1,1,0,0,2.5
358,23,2014,22,80,1,1,0,1,0,0,0,3.25
358,23,2014,32,70,1,1,0,1,0,0,0,3.25
358,23,2014,22,70,1,1,0,1,0,0,0,3.5
358,23,2014,32,80,1,1,0,1,0,0,0,3.5
358,23,2015,15,80,1,1,0,1,0,0,0,2.75
358,23,2015,15,70,1,1,0,1,0,0,0,3
359,6,2018,4,75,1,1,0,1,0,0,0,2.5
360,56,2014,4,70,1,1,0,1,0,0,0,3
360,56,2014,28,72,1,1,0,1,0,0,0,3.5
360,2,2018,44,72,1,1,0,1,0,0,0,3.25
360,2,2018,44,67,1,1,0,1,0,0,0,3.75
361,0,2015,2,70,1,1,0,0,0,1,0,3.5
362,19,2018,36,70,1,1,0,1,0,0,0,3.5
363,18,2006,2,60,1,1,0,1,0,1,0,2
363,18,2006,2,85,1,1,0,1,0,1,0,2
363,18,2006,2,99,1,1,0,1,0,1,0,2
363,18,2006,41,70,1,1,0,1,0,1,0,3
363,18,2006,13,67,1,1,0,1,0,1,0,3.75
363,18,2006,28,65,1,1,0,1,0,1,0,3.75
363,18,2006,35,64,1,1,0,1,0,1,0,3.75
363,18,2007,60,66,1,1,0,1,0,1,0,3.5
363,18,2007,41,67,1,1,0,1,0,1,0,3.5
363,18,2012,31,66,1,1,0,1,0,1,0,3.75
363,18,2017,8,69,1,1,0,1,0,1,0,3.25
363,18,2019,4,70,1,1,0,1,0,1,0,3
363,18,2019,20,70,1,1,0,1,0,1,0,3.5
364,62,2012,2,65,1,1,1,1,0,0,1,1.5
364,62,2012,3,75,1,1,1,1,0,0,1,2
364,62,2012,24,70,1,1,1,1,0,0,1,2.5
364,62,2013,13,75,1,1,1,0,0,0,1,2.5
364,62,2013,1,80,1,1,0,1,0,0,1,3.25
364,62,2015,52,75,1,1,0,1,0,0,0,3.25
364,62,2015,1,80,1,1,0,1,0,0,0,3.5
364,62,2015,56,70,1,1,0,1,0,0,0,3.5
364,62,2015,32,70,1,1,0,1,0,0,0,3.5
364,62,2015,13,75,1,1,0,1,0,0,0,3.75
364,62,2015,60,75,1,1,0,1,0,0,0,3.75
365,4,2018,13,70,1,1,0,1,0,0,0,3
365,4,2018,23,70,1,1,0,1,0,0,0,3.25
365,4,2018,36,70,1,1,0,1,0,0,0,3.25
365,4,2018,1,70,1,1,0,1,0,0,0,3.5
366,62,2012,14,70,1,1,0,1,0,1,0,3.5
366,62,2013,14,70,1,1,0,1,0,1,0,2.5
367,4,2019,14,70,1,1,0,1,0,0,0,3
367,4,2019,23,74,1,1,0,1,0,0,0,3
367,4,2019,4,76,1,1,0,1,0,0,0,3
367,4,2021,34,75,1,1,0,1,0,0,0,2.75
367,4,2021,23,74,1,1,0,1,0,0,0,3
367,4,2021,52,90,1,1,0,1,0,0,0,3
368,30,2018,4,70,1,1,0,0,0,0,0,3
368,30,2018,61,70,1,1,0,0,0,0,0,3.25
368,30,2018,28,70,1,1,0,0,0,0,0,3.5
368,30,2018,36,70,1,1,0,0,0,0,0,3.75
369,62,2010,14,77,1,1,0,1,0,0,0,2.75
369,62,2019,14,67,1,1,0,1,0,0,0,2.75
370,30,2016,21,70,1,1,0,0,0,0,0,3.5
371,60,2017,35,72,1,1,0,0,0,0,0,3
371,60,2017,28,72,1,1,0,0,0,0,0,3.25
371,60,2017,23,65,1,1,0,1,0,0,0,3.5
371,60,2017,61,65,1,1,0,0,0,0,0,3.5
371,60,2019,52,72,1,1,0,1,0,0,0,3.75
372,11,2020,61,70,1,1,0,1,0,0,0,3.5
373,6,2015,4,70,1,1,0,0,0,0,0,3.5
373,6,2016,4,75,1,1,0,0,0,0,0,3.75
373,6,2019,39,70,1,1,0,1,0,0,0,3
374,9,2012,8,65,0,0,0,0,0,0,0,2.5
375,62,2010,1,67,1,1,0,1,0,0,0,2.75
375,62,2013,1,72,1,1,0,1,0,0,0,3
375,62,2013,1,73,1,1,0,1,0,0,0,3.25
376,62,2018,4,72,1,1,0,1,0,0,0,2.5
376,62,2018,6,68,1,1,0,0,0,0,0,3
376,62,2019,43,72,1,1,0,1,0,0,0,3
376,62,2019,13,70,1,1,0,0,0,0,0,3.5
376,62,2019,52,72,1,1,0,0,0,0,0,3.75
377,62,2021,28,70,1,1,0,1,0,0,0,2.75
377,62,2021,13,70,1,1,0,1,0,0,0,3.25
378,62,2015,24,70,1,1,0,0,0,0,0,2.75
378,62,2015,13,70,1,1,0,0,0,0,0,3
378,62,2015,36,70,1,1,0,0,0,0,0,3.25
379,38,2011,32,70,1,1,0,0,0,0,0,2.75
379,38,2011,32,70,1,1,0,0,0,0,0,2.75
379,38,2018,32,70,1,1,0,1,0,0,0,3.25
380,7,2016,13,72,1,1,0,0,0,0,0,3.5
380,7,2021,37,76,1,1,0,1,0,0,0,3.5
381,2,2014,35,70,0,0,0,0,0,0,0,3.25
382,62,2018,31,70,1,1,0,1,0,0,0,3.25
382,62,2021,36,72,1,1,0,1,0,0,0,3.5
382,62,2021,14,75,1,1,0,0,0,0,0,3.75
383,14,2015,14,70,0,0,0,0,0,0,0,3.25
383,14,2015,14,63,0,0,0,0,0,0,0,3.5
383,14,2015,14,85,0,0,0,0,0,0,0,3.5
384,35,2020,31,70,1,1,0,1,0,0,0,3
385,62,2015,32,70,1,1,0,1,0,0,0,3.5
385,62,2015,32,80,1,1,0,1,0,0,0,3.5
386,30,2018,60,70,1,1,0,0,0,0,0,3.5
387,62,2016,13,71,1,1,0,0,0,0,0,2.75
387,62,2016,52,68,1,1,0,0,0,0,0,2.75
387,62,2016,28,68,1,1,0,0,0,0,0,2.75
387,62,2016,61,80,1,1,0,0,0,0,0,3
388,10,2013,10,58,1,1,0,1,0,0,0,2.5
388,10,2013,10,70,1,1,0,1,0,0,0,3
389,31,2012,19,71,1,1,0,1,0,1,0,2.5
389,31,2013,2,70,1,1,0,1,1,0,0,3.75
389,31,2013,36,78,1,1,0,1,1,0,0,3.75
389,31,2014,60,75,1,1,0,1,1,0,0,2.75
389,31,2014,60,70,1,1,0,1,1,0,0,3
389,31,2014,32,70,1,1,0,1,1,0,0,3.25
389,31,2019,32,67,1,1,0,1,0,0,0,2.75
389,31,2019,15,70,1,1,0,1,0,0,0,3.25
390,62,2013,57,85,0,0,0,0,0,0,0,3.5
391,62,2014,36,72,1,1,0,0,0,0,0,2.25
391,62,2014,13,70,1,1,1,0,0,0,0,2.5
391,62,2014,28,73.5,1,1,0,0,0,0,0,2.5
391,62,2014,18,70,1,1,0,1,0,0,0,3.5
392,27,2018,13,70,1,1,0,0,0,0,0,3.25
393,4,2006,2,73,1,1,0,1,1,1,0,2
393,4,2006,41,75,1,1,0,1,1,1,0,2.75
393,4,2006,60,71,1,1,0,1,1,1,0,3
393,4,2007,2,73,1,1,0,1,1,1,0,1
393,4,2008,56,67,1,1,0,1,1,1,0,3.75
393,4,2010,35,70,1,1,0,1,1,1,0,2.5
394,62,2015,60,72,1,1,0,0,0,0,0,2.25
394,62,2015,13,72,1,1,0,0,0,0,0,2.75
394,62,2015,28,72,1,1,0,0,0,0,0,3
394,62,2015,36,72,1,1,0,0,0,0,0,3
394,62,2018,4,72,1,1,0,0,0,0,0,3
395,62,2013,36,75,1,1,0,1,0,0,0,2.75
395,62,2013,14,75,1,1,0,1,0,0,0,3.5
396,14,2019,14,72,1,1,0,1,0,0,0,3.75
397,40,2018,36,70,1,1,0,1,0,0,0,3
398,62,2018,61,72,1,1,0,1,0,0,0,2.75
398,62,2018,52,72,1,1,0,1,0,0,0,3
398,62,2018,13,72,1,1,0,1,0,0,0,3
398,62,2019,16,74,1,1,0,1,0,0,0,2.75
398,62,2019,8,72,1,1,0,1,0,0,0,3.25
399,62,2014,18,75,1,1,1,0,1,1,0,3
399,62,2014,1,75,1,1,1,0,1,1,0,3
399,62,2014,36,75,1,1,1,0,1,1,0,3.25
400,62,2012,60,70,0,0,0,0,0,0,0,3
400,62,2012,14,70,0,0,0,0,0,0,0,3
401,38,2012,32,75,1,1,0,0,0,0,0,2.75
401,38,2012,32,70,1,1,0,0,0,0,0,3
401,38,2012,14,80,1,1,0,0,0,0,0,3.25
402,62,2015,14,70,1,1,0,0,0,0,0,2.75
402,62,2015,60,70,1,1,0,0,0,0,0,3
402,62,2015,28,70,1,1,0,0,0,0,0,3.5
402,62,2015,18,70,1,1,0,0,0,0,0,3.75
402,62,2015,13,70,1,1,0,0,0,0,0,3.75
402,62,2020,33,70,1,1,0,1,0,0,0,3
402,62,2020,61,70,1,1,0,1,0,0,0,3.25
403,6,2016,4,70,1,1,0,1,0,0,0,3.5
404,62,2010,26,70,1,1,0,1,1,1,0,2.5
405,8,2015,36,70,1,1,0,0,0,0,0,3.75
405,8,2019,36,70,1,1,0,0,0,0,0,3.75
406,48,2015,9,70,1,1,0,1,0,0,0,3.75
406,48,2015,36,75,1,1,0,1,0,0,0,4
407,37,2014,35,66,1,1,0,0,0,0,0,2.75
407,37,2014,35,70,1,1,0,0,0,0,0,3
407,37,2014,35,88,1,1,0,0,0,0,0,3.25
407,37,2014,35,74,1,1,0,0,0,0,0,3.5
407,37,2016,40,100,1,0,0,0,0,0,0,2.75
407,37,2016,40,70,1,1,0,0,0,0,0,3.5
408,62,2020,20,70,1,1,0,0,0,0,0,3
408,62,2020,52,70,1,1,0,0,0,0,0,3
408,62,2020,58,70,1,1,0,0,0,0,0,3.25
408,62,2020,23,70,1,1,0,0,0,0,0,3.25
408,62,2020,8,70,1,1,0,0,0,0,0,3.25
408,62,2020,3,70,1,1,0,0,0,0,0,3.75
408,62,2020,61,70,1,1,0,0,0,0,0,3.75
408,62,2021,2,100,1,0,0,0,0,0,0,3
408,62,2021,60,80,1,1,0,0,0,0,0,3
408,62,2021,57,70,1,1,0,0,0,0,0,3.25
408,62,2021,36,70,1,1,0,0,0,0,0,3.25
408,62,2021,60,70,1,1,0,0,0,0,0,3.5
408,62,2021,21,70,1,1,0,0,0,0,0,3.75
409,62,2015,56,70,1,1,0,1,0,0,0,2.75
409,62,2015,52,70,1,1,0,1,0,0,0,3
410,19,2011,3,70,1,1,0,0,0,0,0,3.5
410,19,2018,4,78,1,1,0,1,0,0,0,3.75
411,62,2009,2,67,1,1,0,1,0,0,0,2.75
411,62,2009,2,75,1,1,0,1,0,0,0,3
411,62,2010,13,72,1,1,0,1,0,0,0,3
411,62,2010,18,72,1,1,0,1,0,0,0,3
412,7,2011,2,76,1,1,0,1,1,1,0,2
412,7,2011,2,76,1,1,0,1,1,1,0,2.75
412,7,2011,2,85,1,1,0,1,1,1,0,2.75
412,7,2011,2,85,1,1,0,1,1,1,0,3
413,20,2011,18,80,1,1,0,1,1,0,0,2.75
414,25,2014,35,70,1,1,0,1,0,0,0,3
414,25,2014,28,66,1,1,0,1,0,0,0,3.5
414,25,2016,52,70,1,1,0,1,0,0,0,3.75
414,25,2018,32,73,1,1,0,1,0,0,0,3
415,62,2020,28,70,1,1,0,0,0,0,0,3.25
415,62,2020,61,70,1,1,0,0,0,0,0,3.25
415,62,2020,52,70,1,1,0,0,0,0,0,3.5
416,57,2021,8,75,1,1,0,1,0,0,0,2.75
416,57,2021,36,70,1,1,0,1,0,0,0,3.25
416,57,2021,36,75,1,1,0,1,0,0,0,3.25
416,57,2021,28,75,1,1,0,1,0,0,0,3.5
417,7,2013,1,74,1,1,0,1,0,0,0,2.75
417,7,2013,13,72,1,1,0,1,0,0,0,2.75
417,7,2013,32,72,1,1,0,1,0,0,0,2.75
417,7,2013,13,72,1,1,0,1,0,0,0,3
417,7,2013,14,72,1,1,0,1,0,0,0,3
417,50,2018,34,71,1,1,0,1,0,0,0,3
418,57,2009,9,70,1,1,0,1,0,0,0,3
418,57,2009,36,75,1,1,0,1,0,0,0,3
418,57,2009,3,68,1,1,0,1,0,0,0,3.25
418,57,2011,3,66,1,1,0,1,0,0,0,3.75
418,57,2014,35,68,1,1,0,1,0,0,0,2.75
418,57,2014,2,80,1,1,0,0,0,0,0,3.25
419,62,2006,57,60,1,1,0,1,1,1,0,3
419,62,2009,57,60,1,1,0,1,1,1,0,3
420,40,2012,36,65,1,1,0,1,1,0,0,3
420,40,2012,36,72,1,1,0,1,1,0,0,3
421,14,2008,14,100,0,0,0,0,0,0,0,2
421,14,2008,14,60,1,1,0,1,1,0,0,2.75
421,14,2008,14,72,1,1,0,1,1,0,0,3
421,14,2008,14,65,1,1,0,1,1,0,0,3
421,14,2008,14,70,1,1,0,1,1,0,0,3.5
421,14,2011,14,70,1,1,0,1,1,0,0,3.5
421,14,2012,14,85,1,1,0,1,1,0,0,2.75
421,14,2012,36,70,1,1,0,1,1,0,0,4
421,14,2014,14,70,1,1,0,1,1,0,0,3.25
421,14,2014,14,70,1,1,0,1,1,0,0,3.5
421,14,2014,14,70,1,1,0,1,1,0,0,3.75
421,14,2014,14,70,1,1,0,1,1,0,0,4
421,14,2016,8,70,1,1,0,1,1,0,0,4
422,30,2018,61,72,1,1,0,1,1,1,0,3.25
422,30,2018,21,70,1,1,0,1,1,1,0,3.5
422,30,2018,11,72,1,1,0,1,1,1,0,3.75
423,7,2014,3,72,1,1,0,0,0,0,0,2.75
423,7,2014,14,75,1,1,0,0,0,0,0,2.75
423,7,2014,2,75,1,1,0,0,0,0,0,3.5
423,7,2014,28,78,1,1,0,0,0,0,0,3.75
423,7,2014,56,70,1,1,0,0,0,0,0,3.75
423,7,2015,3,70,1,1,0,0,0,0,0,3.25
423,7,2015,56,70,1,1,1,0,0,0,0,3.25
423,7,2015,52,72,1,1,0,0,0,0,0,3.5
423,7,2015,61,72,1,1,0,0,0,0,0,3.75
423,7,2016,20,70,1,1,0,0,0,0,0,2.75
423,7,2016,1,72,1,1,0,0,0,0,0,3
423,7,2017,36,72,1,1,0,0,0,0,0,2.75
423,7,2017,13,75,1,1,0,0,0,0,0,2.75
423,7,2017,21,70,1,1,0,0,0,0,0,3.5
423,7,2019,36,70,1,1,0,0,0,0,0,3.5
424,52,2016,16,76,1,1,0,0,0,0,0,3
424,52,2019,3,76,1,1,0,0,0,0,0,2.75
424,52,2019,37,76,1,1,0,0,0,0,0,3
424,52,2019,1,75,1,1,0,0,0,0,0,3.25
424,52,2019,28,76,1,1,0,0,0,0,0,3.25
424,52,2019,13,76,1,1,0,0,0,0,0,3.25
424,52,2019,36,71,1,1,0,0,0,0,0,3.5
425,62,2014,2,65,1,1,0,0,0,1,0,3.5
426,62,2014,3,70,1,1,0,0,0,0,0,3
426,62,2014,13,70,1,1,0,0,0,0,0,3.5
426,62,2015,20,70,1,1,0,0,0,0,0,3.5
426,62,2016,52,70,1,1,0,0,0,0,0,3.25
427,62,2019,20,75,1,1,0,1,0,0,0,2.75
427,62,2019,13,75,1,1,0,1,0,0,0,2.75
427,62,2019,8,75,1,1,0,1,0,0,0,3
428,40,2013,36,55,1,1,0,1,0,1,0,2.5
428,40,2013,36,70,1,1,0,1,0,1,0,2.75
429,62,2007,28,70,1,1,0,1,0,0,0,4
429,62,2009,28,67,1,1,0,1,0,0,0,3.5
429,62,2009,60,70,1,1,0,1,0,0,0,3.5
429,62,2009,28,75,1,1,0,1,0,0,0,4
429,62,2011,2,70,1,1,0,1,0,0,0,3.75
429,62,2013,36,67,1,1,0,1,0,0,0,4
430,61,2014,28,73,1,1,1,0,0,0,0,2.25
430,61,2014,28,64,1,1,1,0,0,0,0,2.75
431,62,2015,13,82,1,1,0,1,0,0,0,3
432,62,2018,16,75,1,1,1,1,0,0,0,3
433,7,2019,36,70,1,1,0,1,1,0,0,3.25
434,4,2006,24,72,1,1,0,1,1,1,0,3
434,4,2006,60,72,1,1,0,1,1,1,0,3.75
434,4,2006,31,72,1,1,0,1,1,1,0,4
434,4,2007,2,85,1,1,0,1,1,1,0,3.5
434,4,2007,14,72,1,1,0,1,1,1,0,3.75
434,4,2007,2,70,1,1,0,1,1,1,0,4
434,4,2007,28,72,1,1,0,1,1,1,0,4
434,4,2009,4,72,1,1,0,1,1,1,0,3
434,4,2009,31,72,1,1,0,1,1,1,0,3
434,4,2010,60,75,1,1,0,1,1,1,0,3
434,4,2010,36,85,1,1,0,1,1,1,0,3
434,4,2010,56,75,1,1,0,1,1,1,0,3.25
434,4,2010,11,78,1,1,0,1,1,1,0,3.75
434,4,2015,6,70,1,1,0,1,1,1,0,3.25
434,4,2019,28,76,1,1,0,1,1,0,0,3
434,4,2019,6,70,1,1,0,1,1,0,0,3
434,4,2021,7,72,1,1,0,1,1,0,0,3.5
435,62,2020,61,70,1,1,0,1,0,0,0,3
435,62,2020,52,70,1,1,0,1,0,0,0,3.5
435,62,2020,23,73,1,1,0,1,0,0,0,3.5
436,62,2016,22,80,1,1,0,0,1,1,0,2.5
437,62,2014,16,73,1,1,0,0,0,0,0,2.5
437,62,2014,28,73,1,1,0,0,0,0,0,3.25
437,62,2014,14,73,1,1,0,0,0,0,0,3.25
437,62,2014,14,73,1,1,0,0,0,0,0,3.5
437,62,2015,32,62,1,1,0,1,0,0,0,2.5
437,62,2015,32,80,1,1,0,0,0,0,0,2.75
437,62,2015,32,80,1,1,0,1,0,0,0,2.75
437,62,2015,32,80,1,1,0,1,0,0,0,2.75
437,62,2015,32,80,1,1,0,0,0,0,0,3.25
438,62,2020,3,70,1,1,0,1,0,0,0,3
438,62,2020,13,70,1,1,0,1,0,0,0,3
438,62,2020,52,70,1,1,0,1,0,0,0,3.25
439,62,2012,13,76,1,1,0,1,0,0,0,2.5
439,62,2012,36,82,1,1,0,1,0,0,0,2.75
440,62,2021,21,71,1,1,0,1,0,0,0,2.75
440,62,2021,20,76,1,1,0,1,0,0,0,3
440,62,2021,18,66,1,1,0,1,0,0,0,3
441,62,2010,10,82,1,1,0,0,0,0,0,3.75
441,62,2011,36,70,1,1,0,0,0,0,0,2.75
441,62,2011,10,70,1,1,0,0,0,0,0,3
441,62,2011,10,70,1,1,0,0,0,0,0,3.5
441,62,2011,4,70,1,1,0,0,0,0,0,3.5
441,62,2014,60,70,1,1,0,0,0,0,0,3.75
441,62,2016,13,70,1,1,0,0,0,0,0,3.75
441,62,2018,8,70,1,1,0,0,0,0,0,4
441,62,2021,58,75,1,1,0,0,0,0,0,3.75
441,62,2021,36,70,1,1,0,0,0,0,0,3.75
442,18,2006,59,75,1,1,0,1,1,0,0,3
442,18,2006,11,75,1,1,0,1,1,0,0,3
442,18,2006,2,75,1,1,0,1,1,0,0,3
442,18,2006,4,75,1,1,0,1,1,0,0,3
442,18,2006,2,75,1,1,0,1,1,0,0,3.5
442,18,2006,26,75,1,1,0,1,1,0,0,3.75
442,18,2006,14,80,1,1,0,1,1,0,0,3.75
442,18,2007,41,75,1,1,0,1,1,0,0,4
442,18,2008,13,75,1,1,0,1,1,0,0,2
442,18,2008,28,100,1,0,0,1,0,0,0,3
442,18,2008,4,75,1,1,0,1,1,0,0,3.5
442,18,2009,60,75,1,1,0,1,1,0,0,2
442,18,2010,60,75,1,1,0,1,1,0,0,3.5
442,18,2011,60,75,1,1,0,1,1,0,0,3.25
442,18,2015,36,75,1,1,0,1,0,0,0,3.25
442,18,2019,35,75,1,1,0,1,1,0,0,3
442,18,2019,24,75,1,1,0,1,1,0,0,3
442,18,2019,60,75,1,1,0,1,1,0,0,3
442,18,2019,28,75,1,1,0,1,1,0,0,3
442,18,2019,8,75,1,1,0,1,1,0,0,3
442,18,2019,56,75,1,1,0,1,1,0,0,3.25
442,18,2019,18,75,1,1,0,1,1,0,0,3.25
442,18,2019,42,75,1,1,0,1,1,0,0,3.5
442,18,2019,52,75,1,1,0,1,1,0,0,3.5
442,18,2019,14,75,1,1,0,1,1,0,0,3.5
443,62,2018,52,75,1,1,1,0,0,0,0,3.25
443,62,2018,36,75,1,1,1,0,0,0,0,3.25
444,51,2019,61,70,1,1,0,0,0,0,0,2.75
445,61,2014,60,75,1,1,0,1,0,0,0,2.75
445,61,2014,14,85,1,1,0,1,0,0,0,2.75
445,61,2014,14,75,1,1,0,1,0,0,0,3
445,61,2014,28,72,1,1,0,1,0,0,0,3.25
445,61,2015,22,80,1,1,0,1,0,0,0,2.75
445,61,2015,19,70,1,1,0,1,0,0,0,3.5
445,61,2015,28,74,1,1,0,1,0,0,0,3.5
445,61,2016,14,77,1,1,0,1,0,0,0,3.5
445,61,2017,26,75,1,1,0,0,0,0,0,3.75
445,61,2018,44,72,1,1,0,1,0,0,0,3.25
446,29,2012,60,73,1,1,0,1,1,0,0,2.75
446,29,2017,14,73,1,1,0,1,1,0,0,3.25
446,29,2017,35,75,1,1,0,1,1,0,0,3.25
446,29,2017,61,75,1,1,0,1,1,0,0,3.5
446,29,2017,37,66,1,1,0,1,1,0,0,3.5
446,29,2017,13,65,1,1,0,1,1,0,0,3.75
447,6,2012,4,60,1,1,0,1,0,0,0,3
447,6,2012,4,65,1,1,0,1,0,0,0,3.25
447,6,2013,4,55,1,1,0,1,0,0,0,2.75
447,6,2013,4,75,1,1,0,1,0,0,0,3.25
447,6,2013,4,80,1,1,0,1,0,0,0,3.25
447,6,2013,4,85,1,1,0,1,0,0,0,3.5
448,7,2018,36,70,1,1,0,1,0,0,0,3
448,7,2019,36,70,1,1,0,1,0,0,0,3.75
448,7,2020,36,70,1,1,0,1,0,0,0,3.5
448,7,2020,36,70,1,1,0,1,0,0,0,4
448,7,2021,36,70,1,1,0,1,0,0,0,3.75
449,35,2016,31,70,1,1,0,1,0,0,0,2.75
449,35,2016,31,74,1,1,0,1,0,0,0,3
450,62,2011,13,85,1,1,0,1,0,0,0,3.5
450,62,2012,28,75,1,1,0,1,0,0,0,3.25
450,62,2015,9,75,1,1,0,1,0,0,0,2.75
450,62,2016,36,70,1,1,0,1,0,0,0,3
450,62,2017,21,70,1,1,0,1,0,0,0,3.25
450,62,2017,21,70,1,1,0,1,0,0,0,3.5
451,22,2010,20,70,1,1,0,1,1,1,0,2.75
452,14,2010,14,75,0,0,0,0,0,0,0,3
453,62,2015,36,70,1,1,0,0,0,0,0,2.5
453,62,2015,36,80,1,1,0,0,0,0,0,3.25
453,62,2015,36,73,1,1,0,0,0,0,0,3.5
453,62,2021,31,70,1,1,0,0,0,0,0,3.25
454,18,2016,36,75,1,1,0,1,0,0,0,3.25
455,62,2018,14,72,1,1,0,1,0,0,0,3.5
455,62,2018,52,72,1,1,0,1,0,0,0,3.75
455,62,2018,36,72,1,1,0,1,0,0,0,3.75
455,62,2019,13,72,1,1,0,1,0,0,0,3.5
455,62,2019,32,72,1,1,0,1,0,0,0,3.5
455,62,2021,18,72,1,1,0,1,0,0,0,3.5
456,42,2012,36,70,0,0,0,0,0,0,0,2.5
457,14,2007,14,75,1,1,0,1,1,0,0,3
457,14,2007,14,67,1,1,0,1,1,0,0,3.5
457,14,2007,14,75,1,1,0,1,1,0,0,3.75
457,14,2009,14,75,1,1,0,1,1,0,0,2.5
457,14,2010,14,75,1,1,0,1,1,0,0,3.25
458,62,2011,10,75,1,1,0,0,0,0,0,3.5
458,62,2012,14,75,1,1,0,0,0,0,0,3.25
458,62,2012,56,75,1,1,0,0,0,0,0,3.5
458,62,2012,28,75,1,1,0,0,0,0,0,4
458,62,2013,36,75,1,1,0,0,0,0,0,3
458,62,2013,1,75,1,1,0,0,0,0,0,3.75
458,62,2015,14,85,1,1,0,0,0,0,0,3.5
458,62,2015,2,70,1,1,0,0,0,0,0,3.5
458,62,2016,14,75,1,1,0,0,0,0,0,3.75
458,62,2017,31,75,1,1,0,1,0,0,0,3.75
458,62,2019,32,70,1,1,0,0,0,0,0,3.5
458,62,2019,56,80,1,1,0,0,0,0,0,3.5
458,62,2020,28,75,1,1,0,1,0,0,0,3.5
459,62,2018,52,72,1,1,0,1,0,0,0,3
459,62,2019,16,70,1,1,0,1,0,0,0,2.5
459,62,2019,36,70,1,1,0,1,0,0,0,2.5
460,51,2016,10,70,1,1,0,0,0,0,0,3.25
460,51,2016,10,70,1,1,0,0,0,0,0,3.25
460,51,2016,10,70,1,1,0,0,0,0,0,3.25
461,32,2013,28,75,1,1,0,1,1,1,0,3.25
461,32,2013,28,68,1,1,0,1,1,0,0,3.25
462,61,2012,19,66,0,0,0,0,0,0,0,3.5
463,62,2008,13,70,1,1,0,0,0,0,0,2.75
463,62,2008,26,70,1,1,0,0,0,0,0,2.75
463,62,2008,28,70,1,1,0,0,0,0,0,3
463,62,2008,56,70,1,1,0,0,0,0,0,3
463,62,2009,60,70,1,1,0,0,0,0,0,3.5
463,62,2010,36,75,1,1,0,0,0,0,0,3.75
463,62,2011,3,75,1,1,0,0,0,0,0,3
463,62,2012,14,75,1,1,0,0,0,0,0,3.75
463,62,2013,28,70,1,1,0,0,0,0,0,3.5
463,62,2013,13,70,1,1,0,0,0,0,0,3.5
463,62,2013,26,75,1,1,0,0,0,0,0,3.75
463,62,2013,3,75,1,1,0,0,0,0,0,4
463,62,2014,60,80,1,1,0,0,0,0,0,3.75
463,62,2015,3,75,1,1,0,0,0,0,0,3.25
463,62,2015,60,70,1,1,0,0,0,0,0,3.75
463,62,2016,22,75,1,1,0,0,0,0,0,3.75
464,24,2011,60,71,1,1,0,1,0,0,0,2.5
464,24,2011,38,77,1,1,0,1,0,0,0,2.75
464,24,2011,60,73,1,1,0,1,0,0,0,3.5
464,24,2011,60,70,1,1,0,1,0,0,0,3.5
464,24,2012,60,76,1,1,0,1,0,0,0,2.25
464,24,2012,60,84,1,1,0,1,0,0,0,2.5
464,24,2012,28,72,1,1,0,1,0,0,0,2.5
464,24,2017,60,73,1,1,0,1,0,0,0,3.75
464,24,2021,36,72,1,1,0,1,0,0,0,3.75
465,29,2017,22,72,1,1,1,1,0,0,0,2.75
465,29,2018,21,75,1,1,0,1,0,0,0,3
465,29,2018,32,70,1,1,0,1,0,0,0,3.5
465,29,2021,24,77,1,1,0,0,0,0,0,2.75
465,29,2021,52,72,1,1,0,0,0,0,0,3.5
466,29,2010,2,100,0,0,0,0,0,0,0,1.5
466,29,2010,13,70,0,0,0,0,0,0,0,3
466,29,2010,28,64,0,0,0,0,0,0,0,3.5
466,29,2010,2,72,0,0,0,0,0,0,0,3.5
466,29,2010,2,72,0,0,0,0,0,0,0,3.5
467,62,2012,2,83,1,1,1,1,0,1,0,2.75
467,62,2012,2,69,1,1,1,1,0,1,0,3.25
468,1,2008,4,70,1,1,0,1,1,0,0,3.5
468,1,2008,14,70,1,1,0,1,1,0,0,3.5
468,1,2008,60,70,1,1,0,1,1,0,0,3.5
468,1,2008,14,70,1,1,0,1,1,0,0,3.5
469,14,2017,14,70,1,1,0,1,1,0,0,3.25
470,9,2006,8,53,1,1,0,1,1,1,0,2
470,9,2006,8,65,1,1,0,1,1,1,0,3
470,9,2006,8,70,1,1,0,1,1,1,0,3.75
470,9,2009,8,75,1,1,0,0,1,0,0,2.75
470,9,2009,8,70,1,1,0,1,1,1,0,3
471,18,2011,41,70,1,1,0,1,1,1,0,2.75
472,62,2006,2,82,1,1,0,1,1,1,0,2
472,62,2006,2,68,1,1,0,1,1,1,0,2
472,62,2006,26,70,1,1,0,1,1,1,0,2
472,62,2006,2,62,1,1,0,1,1,1,0,3
472,62,2006,2,70,1,1,0,1,1,1,0,3.5
472,62,2007,2,72,1,1,0,1,1,1,0,3
472,62,2007,2,62,1,1,0,1,1,1,0,3
472,62,2007,2,75,1,1,0,1,1,1,0,3
472,62,2007,60,75,1,1,0,1,1,1,0,3.75
472,62,2008,2,72,1,1,0,1,1,1,0,3
472,62,2009,4,68,1,1,0,1,1,1,0,3.75
472,62,2009,61,72,1,1,0,1,1,1,0,3.75
472,62,2009,18,65,1,1,0,1,1,1,0,4
472,62,2010,19,68,1,1,0,1,1,1,0,3.5
472,62,2010,28,65,1,1,0,1,1,1,0,3.75
472,62,2011,35,68,1,1,0,1,1,1,0,3.75
472,62,2012,36,78,1,1,0,1,1,0,0,4
473,61,2015,13,70,1,1,0,0,0,0,0,2.75
473,61,2015,19,70,1,1,0,0,0,0,0,2.75
474,62,2018,22,70,1,1,0,0,0,0,0,2.75
474,62,2018,13,70,1,1,0,0,0,0,0,3
474,62,2018,52,70,1,1,0,0,0,0,0,3.25
474,62,2019,16,70,1,1,0,0,0,0,0,2.75
474,62,2019,58,70,1,1,0,0,0,0,0,3.5
474,62,2021,56,75,1,1,0,0,0,0,0,3.25
474,62,2021,36,70,1,1,0,0,0,0,0,3.5
474,62,2021,61,70,1,1,0,0,0,0,0,3.5
474,62,2021,23,70,1,1,0,0,0,0,0,3.5
475,62,2019,20,70,1,1,0,1,0,0,0,3
475,62,2019,8,70,1,1,0,1,0,0,0,3
475,62,2019,1,70,1,1,0,1,0,0,0,3.5
476,62,2014,14,75,1,1,0,0,0,0,0,3
476,62,2014,1,72,1,1,0,0,0,0,0,3.25
476,62,2015,60,77,1,1,0,0,0,0,0,2.75
476,62,2015,26,72,1,1,0,0,0,0,0,3.25
476,62,2015,35,73,1,1,0,0,0,0,0,3.5
476,62,2015,13,74,1,1,0,0,0,0,0,3.5
477,62,2011,57,73,1,1,0,1,0,1,0,2
477,62,2011,57,73,1,1,0,1,0,1,0,2.5
478,40,2011,36,75,1,1,0,1,0,0,0,3.5
478,40,2016,36,70,1,1,0,1,0,0,0,3.25
479,10,2015,10,82,1,1,0,1,0,0,0,3.25
479,10,2015,10,70,1,1,0,1,0,0,0,3.5
480,62,2012,36,70,0,0,0,0,0,0,0,2.5
481,29,2011,1,67,1,1,0,1,0,0,1,3
481,29,2011,8,68,1,1,0,1,0,0,1,3
481,29,2011,41,65,1,1,0,1,0,0,1,3.25
481,29,2011,4,60,1,1,0,1,0,0,1,3.25
482,7,2014,28,67,1,1,0,1,0,0,0,3.75
482,7,2014,28,73,1,1,0,1,0,0,0,3.75
482,7,2014,14,73,1,1,0,1,0,0,0,3.75
482,7,2015,28,100,1,0,0,0,0,0,0,3
482,7,2015,14,100,1,0,0,0,0,0,0,3
482,7,2015,20,73,1,1,0,0,0,0,0,3
482,7,2015,20,73,1,1,1,0,0,0,0,3.25
482,7,2015,21,73,1,1,0,0,0,0,0,3.25
482,7,2016,3,73,1,1,0,0,0,0,0,3.5
482,7,2016,52,73,1,1,0,0,0,0,0,3.5
482,7,2016,14,73,1,1,0,0,0,0,0,3.75
482,7,2017,36,73,1,1,0,0,0,0,0,3.75
482,7,2021,31,73,1,1,0,1,0,0,0,3
482,7,2021,23,73,1,1,0,1,0,0,0,3.25
483,62,2015,18,70,1,1,0,1,0,1,0,2.75
483,62,2015,32,72,1,1,0,1,0,0,0,3
484,2,2015,3,72,1,1,0,1,0,0,0,2.75
484,2,2015,36,67,1,1,0,1,0,0,0,3
484,2,2015,28,65,1,1,0,1,0,0,0,3.25
484,2,2015,28,70,1,1,0,1,0,0,0,3.5
484,2,2015,35,65,1,1,0,1,0,0,0,3.5
484,2,2015,52,67,1,1,0,1,0,0,0,3.75
484,2,2015,56,70,1,1,0,1,0,0,0,3.75
484,2,2015,60,70,1,1,0,1,0,0,0,3.75
484,2,2015,14,72,1,1,0,1,0,0,0,4
484,2,2016,61,70,1,1,0,1,0,0,0,3
484,2,2016,20,70,1,1,0,1,0,0,0,3.25
484,2,2016,60,70,1,1,0,1,0,0,0,3.75
484,2,2016,1,70,1,1,0,1,0,0,0,3.75
484,2,2016,0,67,1,1,0,1,0,0,0,3.75
484,2,2016,14,70,1,1,0,1,0,0,0,4
484,2,2017,13,70,1,1,0,1,0,0,0,3.5
484,2,2017,21,70,1,1,0,1,0,0,0,3.5
485,62,2010,28,68,1,1,0,1,0,0,0,3
485,62,2010,14,68,1,1,0,1,0,0,0,3.25
485,62,2011,18,67,1,1,0,1,0,0,0,1.5
486,0,2018,48,66,1,1,1,1,0,0,0,3.25
487,26,2017,23,70,1,1,0,1,0,0,0,2.75
488,62,2015,28,72,1,1,0,0,0,0,0,3
488,62,2016,14,70,1,1,0,0,0,0,0,3.5
489,61,2016,13,85,1,1,0,0,0,0,0,2.75
489,61,2016,36,68,1,1,0,0,0,0,0,2.75
489,61,2019,37,70,1,1,0,1,0,0,0,2.5
490,37,2016,44,70,1,1,0,0,0,0,0,3.25
490,37,2016,44,75,1,1,0,0,0,0,0,3.25
491,62,2013,28,70,1,1,0,0,0,0,0,3
491,62,2013,60,70,1,1,0,0,0,0,0,3
491,62,2013,3,70,1,1,0,0,0,0,0,3.25
491,62,2013,36,70,1,1,0,1,0,0,0,3.25
491,62,2013,2,70,1,1,0,1,0,0,0,3.5
491,62,2014,58,70,1,1,0,1,0,0,0,3
491,62,2017,52,70,1,1,0,1,0,0,0,3.25
491,62,2018,23,70,1,1,0,1,0,0,0,3.25
491,62,2021,61,70,1,1,0,1,0,0,0,3.5
492,7,2009,13,70,1,1,0,1,0,0,0,3
492,7,2009,13,70,1,1,0,1,0,0,0,3
492,7,2009,18,70,1,1,0,1,0,0,0,3.5
492,7,2009,35,70,1,1,0,1,0,0,0,3.5
492,7,2009,28,70,1,1,0,1,0,0,0,3.75
492,7,2009,60,70,1,1,0,1,0,0,0,3.75
492,7,2010,2,70,1,1,0,1,0,0,0,3.75
492,7,2011,19,70,1,1,0,1,0,0,0,2.75
492,7,2011,3,70,1,1,0,1,0,0,0,3.5
492,7,2011,60,70,1,1,0,1,0,0,0,3.5
492,7,2011,13,70,1,1,0,1,0,0,0,3.75
492,7,2011,2,70,1,1,0,1,0,0,0,4
492,7,2011,36,64,1,1,0,1,0,0,0,4
492,7,2012,21,70,1,1,0,1,0,0,0,3.25
492,7,2012,20,70,1,1,0,1,0,0,0,3.5
492,7,2012,2,70,1,1,0,1,0,0,0,3.5
492,7,2012,35,85,1,1,0,1,0,0,0,3.5
492,7,2012,57,70,1,1,0,1,0,0,0,3.75
492,7,2012,60,70,1,1,0,1,0,0,0,3.75
492,7,2012,2,70,1,1,0,1,0,0,0,4
492,7,2012,2,70,1,1,0,1,0,0,0,4
492,7,2013,36,70,1,1,0,1,0,0,0,2.75
492,7,2013,24,70,1,1,0,1,0,0,0,3.25
492,7,2013,2,70,1,1,0,1,0,0,0,3.25
492,7,2013,60,70,1,1,0,1,0,0,0,3.25
492,7,2013,13,77,1,1,0,1,0,0,0,3.75
492,7,2013,56,70,1,1,0,1,0,0,0,3.75
492,7,2013,60,70,1,1,0,1,0,0,0,3.75
492,7,2013,2,88,1,1,0,1,0,0,0,4
492,7,2013,60,70,1,1,0,1,0,0,0,4
492,7,2013,2,67,1,1,0,1,0,0,0,4
492,7,2013,26,70,1,1,0,1,0,0,0,4
492,7,2014,32,70,1,1,0,1,0,0,0,3.25
492,7,2014,2,70,1,1,0,1,0,0,0,3.25
492,7,2014,32,70,1,1,0,1,0,0,0,3.5
492,7,2014,14,80,1,1,0,1,0,0,0,3.5
492,7,2014,36,70,1,1,0,1,0,0,0,3.75
492,7,2014,59,70,1,1,0,1,0,0,0,3.75
492,7,2015,60,70,1,1,0,1,0,0,0,3.5
492,7,2015,60,75,1,1,0,1,0,0,0,4
492,7,2016,14,70,1,1,0,1,0,0,0,3.25
492,7,2016,13,62,1,1,0,1,0,0,0,3.5
492,7,2016,28,70,1,1,0,1,0,0,0,3.5
492,7,2016,4,70,1,1,0,1,0,0,0,3.5
492,7,2016,32,70,1,1,0,1,0,0,0,3.75
492,7,2016,2,75,1,1,0,1,0,0,0,3.75
492,7,2016,61,70,1,1,0,1,0,0,0,4
492,7,2017,16,70,1,1,0,1,0,0,0,3.25
492,7,2017,8,70,1,1,0,1,0,0,0,4
492,7,2018,21,70,1,1,0,1,0,0,0,3
492,7,2018,28,70,1,1,0,1,0,0,0,4
492,7,2018,60,70,1,1,0,1,0,0,0,4
492,7,2021,2,62,1,1,0,1,0,1,0,3.25
492,7,2021,28,70,1,1,0,1,0,0,0,3.5
492,7,2021,60,70,1,1,0,1,0,0,0,3.5
492,7,2021,61,70,1,1,0,1,0,0,0,4
493,62,2014,32,70,1,1,0,0,0,0,0,3.25
493,62,2014,57,70,1,1,0,0,0,0,0,3.5
494,7,2017,13,70,1,1,0,0,0,0,0,3.25
494,7,2017,14,75,1,1,0,0,0,0,0,3.25
494,7,2017,35,77,1,1,0,0,0,0,0,3.25
494,7,2017,28,70,1,1,0,0,0,0,0,3.5
494,7,2017,60,75,1,1,0,0,0,0,0,3.5
494,7,2017,52,80,1,1,0,0,0,0,0,3.5
495,62,2012,13,70,1,1,0,1,0,1,0,3
495,62,2012,13,80,1,1,0,1,0,1,0,3
495,62,2012,13,75,1,1,0,1,0,1,0,3.25
496,2,2014,59,72,1,1,0,1,0,0,0,2.75
496,2,2016,13,70,1,1,0,1,0,0,0,3.5
496,2,2016,14,70,1,1,0,1,0,0,0,3.75
496,2,2016,28,70,1,1,0,1,0,0,0,3.75
496,62,2017,36,70,1,1,0,1,0,0,0,2.75
496,62,2017,14,70,1,1,0,1,0,0,0,3.5
496,62,2017,13,70,1,1,0,1,0,0,0,3.75
497,62,2021,1,70,1,1,0,0,0,0,0,3.25
497,62,2021,28,70,1,1,0,0,0,0,0,3.5
497,62,2021,58,70,1,1,0,0,0,0,0,3.5
498,57,2013,3,70,1,1,0,1,1,0,0,3
499,62,2013,13,84,1,1,0,0,1,0,0,2.25
499,62,2013,13,70,1,1,0,0,1,0,0,3
500,62,2015,14,70,1,1,1,1,0,1,0,3
500,62,2015,13,70,1,1,1,1,0,1,0,3
500,62,2015,20,70,1,1,1,1,0,1,0,3
500,62,2015,32,70,1,1,1,1,0,1,0,3
500,62,2015,28,70,1,1,1,1,0,1,0,3
501,57,2011,23,72,1,1,0,1,0,1,0,3.25
501,57,2012,4,68,1,1,0,1,0,1,0,2.75
502,62,2014,14,84,1,1,0,1,0,0,0,3.5
502,62,2014,14,70,1,1,0,1,0,0,0,3.5
502,62,2017,3,70,1,1,0,1,0,0,0,2.5
503,62,2012,37,65,1,1,0,1,0,1,0,2.5
503,62,2012,37,70,1,1,0,1,0,1,0,2.5
503,62,2012,37,75,1,1,0,1,0,1,0,2.75
504,62,2013,28,67,1,1,0,0,0,0,0,2.75
504,62,2013,1,78,1,1,0,0,0,0,0,3.25
505,12,2016,36,61,1,1,0,1,1,1,0,2.5
505,12,2016,36,71,1,1,0,1,1,1,0,3
506,64,2016,60,70,1,1,0,1,0,0,0,2.75
506,64,2016,60,60,1,1,0,1,0,0,0,3
507,56,2015,45,70,1,1,0,0,0,0,0,2.75
507,56,2019,52,74,1,1,0,0,0,0,0,2.75
508,62,2021,22,72,1,1,0,1,0,0,0,3
508,62,2021,36,72,1,1,0,1,0,0,0,3
508,62,2021,58,77,1,1,0,1,0,0,0,3.5
508,62,2021,56,80,1,1,0,1,0,0,0,3.75
509,30,2018,36,70,1,1,0,1,1,1,0,2.5
509,30,2018,52,75,1,1,0,1,0,0,0,2.75
509,30,2018,1,70,1,1,0,1,1,1,0,3
509,30,2018,4,70,1,1,0,1,1,1,0,3
509,30,2018,60,75,1,1,0,1,1,1,0,3.25
510,7,2020,31,74,1,1,0,1,0,0,0,3
510,7,2020,36,68,1,1,0,1,0,0,0,3.25
510,7,2020,35,73,1,1,0,1,0,0,0,3.25
511,24,2011,60,70,1,1,0,1,0,0,0,3
511,24,2012,13,70,1,1,0,1,0,0,0,3.25
511,24,2012,28,70,1,1,0,1,0,0,0,3.25
511,24,2012,36,70,1,1,0,1,0,0,0,3.75
511,24,2013,32,70,1,1,0,1,0,0,0,3.25
511,24,2013,28,70,1,1,0,1,0,0,0,3.5
511,24,2013,28,70,1,1,0,1,0,0,0,3.5
511,24,2014,60,70,1,1,0,1,0,0,0,3.5
511,24,2014,11,70,1,1,0,1,0,0,0,3.75
511,24,2015,14,70,1,1,0,1,0,0,0,3.25
511,24,2015,11,88,1,1,0,1,0,0,0,3.25
511,24,2015,28,70,1,1,0,1,0,0,0,3.25
511,24,2015,61,70,1,1,0,1,0,0,0,3.25
511,24,2015,4,70,1,1,0,1,0,0,0,3.5
511,24,2015,14,70,1,1,0,1,0,0,0,3.75
512,62,2013,31,70,1,1,0,1,0,1,0,2.5
512,62,2013,10,70,1,1,0,1,0,1,0,2.75
512,62,2013,13,70,1,1,0,1,0,1,0,2.75
512,62,2013,36,70,1,1,0,1,0,1,0,3
513,30,2015,56,77,1,1,0,1,1,0,0,2.75
513,30,2015,8,70,1,1,0,1,1,1,0,3
513,30,2015,35,62,1,1,0,1,1,1,0,3.25
513,30,2015,61,60,1,1,0,1,1,1,0,3.25
514,65,2019,61,70,1,1,0,1,0,0,0,2.75
514,65,2019,61,75,1,1,0,1,0,0,0,3
515,55,2016,50,70,1,1,0,0,0,0,0,3.25
516,62,2019,60,75,1,1,0,1,0,1,0,3
516,62,2019,36,75,1,1,0,1,0,0,0,3.25
516,62,2019,36,75,1,1,0,1,0,0,0,4
517,62,2015,28,75,1,1,0,1,0,1,0,3
518,57,2019,32,72,1,1,0,1,0,0,0,3
518,57,2019,31,70,1,1,0,1,0,0,0,3.25
519,62,2021,21,67,1,1,0,1,0,0,0,2.75
520,62,2007,13,70,1,1,0,1,0,0,0,3
520,62,2009,31,75,1,1,0,1,0,0,0,2.75
520,62,2011,3,87,1,1,0,1,0,0,0,3.25
520,62,2014,1,68,1,1,0,1,0,0,0,3
521,62,2008,18,70,1,1,0,1,1,1,0,2.5
521,62,2008,36,70,1,1,0,1,1,1,0,2.5
521,62,2008,36,70,1,1,0,1,1,1,0,2.5
521,62,2008,28,70,1,1,0,1,1,1,0,2.75
521,62,2009,2,60,1,1,0,1,1,1,0,2.75
521,62,2009,2,68,1,1,0,1,1,1,0,3
521,62,2012,2,99,0,0,0,0,0,0,0,3.25
521,62,2016,2,62,1,1,0,1,1,1,0,2
522,62,2012,36,70,1,1,0,1,0,1,0,2
522,62,2012,28,70,1,1,0,1,0,1,0,2.75
522,62,2012,3,70,1,1,0,1,0,0,0,2.75
522,62,2012,4,70,1,1,0,1,0,0,0,2.75
522,62,2012,2,70,1,1,0,1,0,1,0,3
522,62,2012,35,70,1,1,0,1,0,1,0,3
522,62,2012,28,70,1,1,0,1,0,0,0,3
522,62,2012,60,80,1,1,0,1,0,1,0,3
522,62,2012,14,70,1,1,0,1,0,1,0,3.25
522,62,2012,14,70,1,1,0,1,0,0,0,3.25
522,62,2012,31,70,1,1,0,1,0,0,0,3.25
522,62,2012,3,67,1,1,0,1,0,0,0,3.25
522,62,2012,13,70,1,1,0,1,0,1,0,3.5
522,62,2012,4,70,1,1,0,1,0,0,0,3.5
523,62,2014,14,77,1,1,0,0,0,0,0,3.25
523,62,2014,28,67,1,1,0,0,0,0,0,3.75
523,62,2014,58,73,1,1,0,0,0,0,0,3.75
523,62,2015,36,70,1,1,0,0,0,0,0,2.75
523,62,2015,14,70,1,1,0,0,0,0,0,3.25
523,62,2015,13,70,1,1,0,1,0,0,0,3.5
523,62,2015,1,70,1,1,0,0,0,0,0,3.75
523,62,2015,28,70,1,1,0,0,0,0,0,3.75
523,62,2015,20,70,1,1,0,1,0,0,0,3.75
523,62,2019,21,72,1,1,0,1,0,0,0,2.75
523,62,2019,1,77,1,1,0,1,0,0,0,3
523,62,2019,3,77,1,1,0,1,0,0,0,3.25
524,56,2015,36,70,1,1,0,1,0,0,0,3
525,62,2007,60,91,1,1,0,0,0,0,0,2
525,62,2007,25,75,1,1,0,1,0,1,0,2.5
525,62,2007,18,84,1,1,0,1,0,1,0,3
525,62,2007,2,75,1,1,0,1,0,0,0,3
525,62,2007,28,65,1,1,0,1,0,0,0,3.5
525,62,2012,9,65,1,1,0,1,0,1,0,3.25
526,30,2015,36,70,1,1,0,0,0,0,0,3.25
527,62,2019,14,70,1,1,0,0,0,0,0,3.5
528,9,2018,8,70,1,1,0,0,1,0,0,3
528,9,2018,8,70,1,1,0,0,1,0,0,3.25
529,19,2016,1,72,1,1,0,1,0,0,0,3.75
530,62,2019,52,71,1,1,0,0,0,0,0,2.75
531,14,2020,14,75,1,1,0,1,0,0,0,3.25
532,14,2014,14,81,1,1,0,0,0,0,0,3.25
533,18,2012,54,70,0,0,0,0,0,0,0,4
534,62,2011,60,72,1,1,0,1,0,0,0,2.75
534,62,2011,13,74,1,1,0,1,0,0,0,3
534,62,2012,3,77,1,1,0,1,0,0,0,3
535,61,2018,21,70,1,1,0,1,0,0,0,2.75
535,61,2018,3,70,1,1,0,1,0,0,0,3
535,61,2018,1,70,1,1,0,1,0,0,0,3.5
535,61,2019,8,70,1,1,0,1,0,0,0,2.75
536,51,2019,14,70,1,1,0,0,0,0,0,3.5
537,62,2014,13,72,1,1,0,0,0,0,0,3
538,62,2012,13,70,1,1,1,1,0,0,0,2.75
538,62,2012,13,70,1,1,1,1,0,0,0,3.25
539,62,2020,32,70,1,1,0,0,0,0,0,3.25
539,62,2020,21,70,1,1,0,0,0,0,0,3.25
539,62,2020,20,70,1,1,0,0,0,0,0,3.75
539,62,2021,37,70,1,1,0,0,0,0,0,3.25
540,40,2018,36,73,1,1,0,1,0,0,0,3
540,40,2018,36,70,1,1,0,1,0,0,0,3.5
541,7,2020,61,70,1,1,0,0,0,0,0,2.75
541,7,2020,22,70,1,1,0,0,0,0,0,2.75
541,7,2020,36,70,1,1,0,0,0,0,0,3
542,32,2011,28,72,0,0,0,0,0,0,0,3.5
543,62,2011,13,73,1,1,0,0,0,0,0,2.75
543,62,2013,3,75,1,1,0,0,0,0,0,2.5
543,62,2013,13,68,1,1,0,0,0,0,0,3.25
543,62,2014,28,75,1,1,0,0,0,0,0,3.5
543,62,2015,13,75,1,1,0,0,0,0,0,2.75
543,62,2015,14,75,1,1,0,0,0,0,0,3.5
543,62,2017,52,75,1,1,0,0,0,0,0,3.25
544,62,2016,36,60,1,1,0,1,0,0,0,3
545,18,2011,13,63,0,0,0,0,0,0,0,3.75
546,7,2017,13,75,1,1,0,0,0,0,0,2.75
546,7,2017,52,75,1,1,0,0,0,0,0,3
546,7,2017,20,75,1,1,0,0,0,0,0,3.25
547,62,2014,32,74,1,1,0,0,0,0,0,2.75
547,62,2014,13,70,1,1,0,0,0,0,0,3
548,62,2016,28,72,1,1,0,0,0,0,0,3
548,62,2016,52,72,1,1,0,0,0,0,0,3.25
549,29,2014,60,65,1,1,0,1,0,1,0,3.25
550,52,2017,8,70,1,1,0,1,0,0,0,3.75
550,52,2018,32,70,1,1,0,1,0,0,0,3.75
551,7,2020,1,74,1,1,0,1,0,0,0,3.5
552,18,2006,56,64,1,1,0,1,1,1,0,2.5
552,18,2006,2,66,1,1,0,1,1,1,0,3
552,18,2006,60,64,1,1,0,1,1,1,0,3
552,18,2006,28,64,1,1,0,1,1,1,0,3.5
552,18,2006,2,70,1,1,0,1,1,1,0,3.75
552,18,2007,2,85,1,1,0,1,1,1,0,1.5
552,18,2007,2,85,1,1,0,1,1,1,0,2.5
552,18,2007,2,71,1,1,0,1,1,1,0,2.75
552,18,2007,2,72,1,1,0,1,1,1,0,3
552,18,2007,60,64,1,1,0,1,1,1,0,3.25
552,18,2007,60,65,1,1,0,1,1,1,0,3.75
552,18,2007,28,64,1,1,0,1,1,1,0,4
552,18,2009,18,68,1,1,0,1,1,1,0,3.5
552,18,2009,13,64,1,1,0,1,1,1,0,3.75
552,18,2009,14,66,1,1,0,1,1,1,0,3.75
552,18,2011,2,56,1,1,0,1,1,1,0,3.25
552,18,2011,60,64,1,1,0,1,1,1,0,4
552,18,2012,60,69,1,1,0,1,1,1,0,4
552,18,2013,2,70,1,1,0,1,1,1,0,3.5
552,18,2013,13,64,1,1,0,1,1,1,0,3.5
552,18,2015,36,63,1,1,0,1,1,1,0,4
552,18,2017,2,60,1,1,0,1,0,0,0,3.25
553,62,2012,18,72,0,0,0,0,0,0,0,2.5
553,62,2012,18,65,0,0,0,0,0,0,0,2.75
554,32,2009,28,72,1,1,0,1,0,0,0,2.75
554,32,2009,28,76,1,1,0,1,0,1,0,2.75
554,32,2009,28,80,1,1,0,1,0,1,0,2.75
554,32,2009,28,70,0,0,0,0,0,0,0,3
554,32,2009,28,68,0,0,0,0,0,0,0,3
554,32,2009,28,64,0,0,0,0,0,0,0,3.25
555,62,2015,3,70,1,1,0,0,0,0,0,3.25
555,62,2015,3,70,1,1,0,0,0,0,0,3.25
555,62,2018,3,70,1,1,0,0,0,0,0,2.75
555,62,2018,20,70,1,1,0,0,0,0,0,3
555,62,2018,13,70,1,1,0,0,0,0,0,3.25
556,62,2012,2,70,1,1,0,1,0,0,0,3.25
556,62,2013,2,90,1,1,0,1,0,0,0,3.75
556,62,2014,13,90,1,1,0,1,0,0,0,3.25
556,62,2014,56,75,1,1,0,1,0,0,0,3.5
556,62,2014,14,75,1,1,0,1,0,0,0,3.5
556,62,2021,20,75,1,1,0,0,0,0,0,2.75
556,62,2021,13,75,1,1,0,0,0,0,0,3
556,62,2021,2,70,1,1,0,1,0,0,0,3.5
556,62,2021,14,75,1,1,0,0,0,0,0,3.5
557,18,2012,61,70,1,1,0,1,1,0,0,3.5
558,62,2014,36,75,1,1,0,1,0,0,0,3
559,62,2007,14,100,0,0,0,0,0,0,0,2
559,62,2007,14,90,0,0,0,0,0,0,0,2
559,62,2007,14,75,0,0,0,0,0,0,0,3
559,62,2007,14,65,1,1,0,1,0,0,0,3
560,62,2015,28,77,1,1,0,0,0,0,0,2.75
560,62,2015,20,77,1,1,0,0,0,0,0,2.75
560,62,2015,1,77,1,1,0,0,0,0,0,3
560,62,2015,60,77,1,1,0,0,0,0,0,3
560,62,2015,36,77,1,1,0,0,0,0,0,3.25
561,62,2016,36,70,1,1,0,1,1,1,0,2.5
561,62,2016,60,70,1,1,0,1,1,1,0,2.5
561,62,2016,13,70,1,1,0,1,1,1,0,3
561,62,2018,3,70,1,1,0,1,1,1,0,2.5
561,62,2018,21,70,1,1,0,1,1,1,0,2.5
562,37,2016,13,70,1,1,1,0,0,0,0,3.5
562,37,2016,36,70,1,1,1,0,0,0,0,3.5
562,37,2017,40,77,1,1,0,0,0,0,0,3
563,62,2018,52,68,1,1,0,1,0,0,0,3
563,62,2018,3,72,1,1,0,1,0,0,0,3
563,62,2021,37,74,1,1,0,1,0,0,0,3.5
563,62,2021,58,72,1,1,0,1,0,0,0,3.5
563,62,2021,22,74,1,1,0,0,0,0,0,3.75
563,62,2021,56,72,1,1,0,1,0,0,0,3.75
564,37,2011,18,72,0,0,0,0,0,0,0,2.5
565,27,2013,36,75,1,1,0,1,0,0,0,2.5
565,27,2013,36,89,1,1,0,1,0,0,0,2.75
565,27,2013,36,75,1,1,0,1,0,0,0,2.75
565,27,2013,36,75,1,1,0,1,0,0,0,3.25
566,61,2009,36,70,1,1,0,1,0,0,0,3
566,61,2009,60,72,1,1,0,1,0,0,0,3.25
566,61,2010,28,71,1,1,0,1,0,0,0,3
566,61,2010,60,72,1,1,0,1,0,0,0,3.5
566,61,2010,24,69,1,1,0,1,0,0,0,3.75
566,61,2013,24,100,0,0,0,0,0,0,0,2.25
566,61,2014,8,88,1,1,0,1,0,0,0,3
566,61,2016,8,70,1,1,0,1,0,0,0,4
567,62,2016,60,74,1,1,0,1,0,0,0,3
567,62,2016,3,76,1,1,0,1,0,0,0,3.5
567,62,2016,18,75,1,1,0,1,0,0,0,3.75
567,62,2019,1,68,1,1,0,1,0,0,0,3.25
567,62,2019,60,70,1,1,0,1,0,0,0,3.5
567,62,2021,13,70,1,1,0,1,0,0,0,3.5
568,62,2011,13,70,1,1,0,0,0,0,0,3.5
568,62,2011,60,70,1,1,0,0,0,0,0,4
568,62,2012,14,70,1,1,0,0,0,0,0,2.5
568,62,2012,10,70,1,1,0,0,0,0,0,3
568,62,2012,28,70,1,1,0,1,0,0,0,3.25
568,62,2013,14,70,1,1,0,0,0,0,0,3.25
568,62,2013,56,70,1,1,0,0,0,0,0,3.5
568,62,2014,36,70,1,1,0,0,0,0,0,3
568,62,2021,52,70,1,1,0,0,0,0,0,3
569,13,2013,13,66,1,1,0,1,1,0,1,3
570,15,2019,15,65,1,1,0,1,1,0,0,2.75
570,15,2019,15,75,1,1,0,1,1,0,0,3
570,15,2019,15,70,1,1,0,1,1,0,0,3.25
571,62,2020,52,73,1,1,0,0,0,0,0,3.25
571,62,2020,36,70,1,1,0,0,0,0,0,3.5
571,62,2020,32,72,1,1,0,0,0,0,0,3.5
572,62,2017,13,70,1,1,0,0,0,0,0,2.5
572,62,2017,28,70,1,1,0,0,0,0,0,2.75
573,62,2021,56,70,1,1,0,1,0,0,0,3.25
573,62,2021,61,70,1,1,0,1,0,0,0,3.5
573,62,2021,13,70,1,1,0,1,0,0,0,3.5
574,62,2021,3,70,1,1,0,1,0,0,0,3
575,62,2015,35,70,1,1,0,1,0,0,0,3
575,62,2015,2,60,1,1,0,1,0,0,0,3
575,62,2015,13,70,1,1,0,1,0,0,0,3.25
575,62,2015,28,70,1,1,0,1,0,0,0,3.25
575,62,2015,36,70,1,1,0,1,0,0,0,3.25
575,62,2015,1,70,1,1,0,1,0,0,0,3.5
576,3,2016,14,70,1,1,0,1,0,0,0,2.75
576,3,2016,56,85,1,1,0,1,0,0,0,2.75
576,3,2016,52,85,1,1,0,1,0,0,0,3
576,3,2016,28,70,1,1,0,1,0,0,0,3.5
576,3,2016,52,70,1,1,0,1,0,0,0,3.5
576,3,2016,56,78,1,1,0,0,0,0,0,3.5
577,2,2011,3,68,1,1,0,1,1,0,0,3.5
577,2,2011,35,66,1,1,0,1,1,0,0,3.5
577,2,2011,3,72,1,1,0,1,1,0,0,3.75
577,2,2016,2,65,1,1,0,1,1,1,0,3.25
577,2,2016,44,78,1,1,0,1,1,0,0,3.75
578,4,2018,32,72,1,1,0,1,0,0,0,3
578,4,2018,12,68,1,1,1,1,0,0,0,3
578,4,2018,32,75,1,1,0,1,0,0,0,3.25
578,4,2018,32,70,1,1,0,1,0,0,0,3.75
579,3,2010,4,65,1,1,1,1,0,0,1,3
579,3,2011,9,65,1,1,1,1,0,0,1,3
579,3,2011,23,62,1,1,1,1,0,0,1,3.25
579,3,2011,23,65,1,1,1,1,0,0,1,3.5
579,3,2011,36,70,1,1,1,1,0,0,1,3.75
579,3,2012,36,70,1,1,1,1,0,0,1,3
579,3,2012,14,75,1,1,1,1,0,0,1,3
579,3,2012,35,75,1,1,1,1,0,0,1,3
579,3,2012,3,90,1,1,1,1,0,0,1,3.25
579,3,2012,9,68,1,1,1,1,0,0,1,3.25
579,3,2012,34,72,1,1,1,1,0,0,1,3.5
579,3,2012,2,65,1,1,1,1,0,0,1,3.5
579,3,2012,36,70,1,1,1,1,0,0,1,3.5
579,3,2012,2,58,1,1,1,1,0,0,1,3.5
579,3,2012,13,62,1,1,1,1,0,0,1,3.75
579,3,2012,13,70,1,1,1,1,0,0,1,3.75
579,3,2014,2,80,1,1,1,1,0,0,1,2.75
579,3,2017,8,75,1,1,0,1,0,0,0,3.75
579,3,2018,2,75,1,1,0,1,0,0,0,3
579,3,2018,9,70,1,1,0,1,0,0,0,3.25
579,3,2018,1,72,1,1,0,1,0,0,0,3.5